학년,이수구분,학과,세부전공,학수번호,교과목명,학점,교수명,요일 및 교시(강의실)
1,전기,경영학부,,JA06047001,경제학원론,3,강동윤,금 1  2  3 (SF309)
1,전기,경영학부,,JA06047002,경제학원론,3,강동윤,금 6  7  8 (SO203)
2,전선,경영학부,,JA06031001,전자상거래,3,권혁준,금 6  7  8 (SN104)
2,전필,경영학부,,JA06014004,재무관리,3,김달현,목 7  8  9 (SF103)
2,전필,경영학부,,JA06014005,재무관리,3,김달현,목 2  3  4 (SF104)
2,전필,경영학부,,JA06009003,조직행위론,3,김동배,월 2  3 (SO203) 화 1 (SO203)
2,전필,경영학부,,JA06009004,조직행위론,3,김동배,화 2  3 (SO203) 수 7 (SO507)
2,전필,경영학부,,JA06009005,조직행위론,3,김동배,월 1 (SO203) 수 2  3 (SO203)
3,전선,경영학부,,JA06056002,고용관계론,3,김민경,월 7  8  9 (SF102)
1,전기,경영학부,,JA06047005,경제학원론,3,김상현,화 6  7  8 (SF103)
2,전선,경영학부,,JA06010001,소비자행동분석,3,김영균,월 4  5 (SO507) 수 4 (SO507)
2,전선,경영학부,,JA06010002,소비자행동분석,3,김영균,월 7  8 (SO103) 수 6 (SO203)
2,전선,경영학부,,3433001,경영정보분석론,3,김용구,목 4  5  6 (SO201)
2,전선,경영학부,,3433002,경영정보분석론,3,김용구,목 7  8  9 (SO201)
2,전필,경영학부,,JA06014001,재무관리,3,김정은,수 1  2  3 (SN106)
2,전필,경영학부,,JA06014003,재무관리,3,김정은,금 6  7  8 (SF104)
3,전선,경영학부,,JA06021001,국제금융,3,김정은,금 2  3  4 (SF104)
3,전선,경영학부,,JA06022001,마케팅조사론,3,김종훈,화 2  3 (SO202) 수 6 (SO202)
3,전선,경영학부,,JA06022002,마케팅조사론,3,김종훈,화 6 (SO202) 목 2  3 (SO202)
4,전선,경영학부,,JA06036001,마케팅세미나,3,김종훈,수 2  3 (SO507) 목 6 (SO507)
3,전선,경영학부,,3441001,기업정보시스템구축론,3,김준우,월 2  3 (SO209) 화 5 (SO209)
4,전선,경영학부,,JA06046001,e-biz이론과실제,3,김준우,월 5 (SN104) 화 2  3 (SN104)
1,전필,경영학부,,JA06051003,재무회계(1),3,김진환,금 6  7  8 (SF309)
4,전선,경영학부,,JA06043001,회계정보시스템,3,김진환,금 2  3  4 (SO202)
1,전기,경영학부,,JA06015003,경영통계,3,김태호,월 4  5 (SO203) 금 5 (SO203)
1,전선,경영학부,,3434001,계량경영학,3,김태호,수 2  3 (SN104) 금 2 (SO507)
3,전선,경영학부,,JA06056001,고용관계론,3,나인강,화 4 (SO507) 수 5  6 (SO507)
1,전필,경영학부,,JA06051002,재무회계(1),3,나종희,목 1  2  3 (SO103)
1,전필,경영학부,,JA06051001,재무회계(1),3,문진주,화 7  8  9 (SO203)
2,전선,경영학부,,JA06011004,세무회계,3,민만기,수 7  8  9 (SO203)
3,전선,경영학부,,JA06025001,국제마케팅,3,박은하,목 7  8  9 (SO103)
1,전기,경영학부,,JA06015001,경영통계,3,박정희,화 4  5  6 (SO203)
1,전기,경영학부,,JA06015002,경영통계,3,박정희,목 4  5  6 (SO203)
2,전선,경영학부,,JA06005001,국제경영학,3,박종돈,월 2 (SN104) 화 5  6 (SO103)
2,전선,경영학부,,JA06005002,국제경영학,3,박종돈,월 5  6 (SO103) 화 2 (SO103)
4,전선,경영학부,,3449001,복지경영,3,순덕기,목 7  8  9 (SF309)
3,전선,경영학부,,JA06024001,관리회계,3,오원선,월 2  3 (SO507) 화 2 (SO507)
3,전선,경영학부,,JA06024002,관리회계,3,오원선,월 6  7 (SO507) 화 3 (SO507)
2,전선,경영학부,,JA06010003,소비자행동분석,3,윤태웅,월 2  3 (SF104) 화 8 (SF104)
4,전선,경영학부,,JA06036002,마케팅세미나,3,윤태웅,월 8  9 (SO507) 화 5 (SO507)
1,전기,경영학부,,JA06015004,경영통계,3,이기동,화 6 (SO507) 목 4  5 (SO507)
4,전선,경영학부,,3448001,관광경영,3,이기동,화 7  8 (SO103) 목 6 (SO103)
3,전선,경영학부,,JA06041001,기업창업론,3,이상재,목 7  8  9 (SF104)
2,전선,경영학부,,JA06011003,세무회계,3,이정호,목 5  6  7 (SN106)
1,전필,경영학부,,JA06051004,재무회계(1),3,이창현,월 1  2  3 (SF102)
1,전필,경영학부,,JA06051005,재무회계(1),3,이창현,수 1  2  3 (SO103)
2,전필,경영학부,,JA06009001,조직행위론,3,정상철,월 1  2 (SO103) 목 3 (SO507)
2,전필,경영학부,,JA06009002,조직행위론,3,정상철,월 3 (SO103) 목 1  2 (SO507)
2,전필,경영학부,,JA06014002,재무관리,3,주현태,목 9 (SO507) 금 7  8 (SO507)
2,전선,경영학부,,JA06011002,세무회계,3,진덕수,월 6  7  8 (SO203)
3,전선,경영학부,,JA06025002,국제마케팅,3,진변석,목 7  8  9 (SO203)
1,전기,경영학부,,JA06047003,경제학원론,3,최영석,화 2  3  4 (SF309)
1,전기,경영학부,,JA06047004,경제학원론,3,최영석,화 7  8  9 (SO507)
2,전선,경영학부,,JA06011001,세무회계,3,한홍열,수 6  7  8 (SN204)
1,전기,경영학부,,JA06015005,경영통계,3,홍진영,금 2  3  4 (SN107)
2,전필,경제학과,,KBA6001001,거시경제학,3,곽수종,금 1  2  3 (SO115)
3,전선,경제학과,,KBA6083001,금융경제학,3,곽수종,월 1  2  3 (SO312)
1,전기,경제학과,,KBA6066001,경제통계학,3,김종귀,수 1  2  3 (SO115)
3,전선,경제학과,,KBA6004001,경제발전론,3,송기보,수 6  7  8 (SO105)
2,전선,경제학과,,KBA6092001,사회경제학,3,양준호,화 4 (SO114) 수 7  8 (SO114)
4,전선,경제학과,,KBA6095001,제도경제학세미나,3,양준호,수 5 (SO115) 금 4  5 (SO115)
3,전선,경제학과,,4595001,FTA 비즈니스모델 응용,3,옥우석,화 6  7  8 (SO312)
3,전선,경제학과,,KBA6023001,국제금융론,3,윤용만,수 5 (SO312) 목 6  7 (SO312)
3,전선,경제학과,,KBA6012001,경제학사,3,이갑영,화 1  2 (SO312) 수 4 (SO312)
1,전기,경제학과,,KB01002002,경제학원리(2),3,이명운,목 5  6  7 (SO114)
3,전선,경제학과,,KBA6075001,게임이론,3,이명운,목 1  2  3 (SO312)
2,전선,경제학과,,KBA6082001,산업경제학,3,전광일,월 5 (SO312) 금 7  8 (SO312)
4,전선,경제학과,,KBA6078001,자원환경경제학,3,정세국,금 6  7  8 (SO105)
4,전선,경제학과,,KBA6043001,한국경제론,3,정재호,수 6  7  8 (SO312)
1,전기,경제학과,,KB01002001,경제학원리(2),3,조전혁,월 2  3 (SO115) 목 1 (SO115)
4,전선,경제학과,,KBA6096001,지역경제론,3,하석용,수 1  2  3 (SO312)
4,전선,경제학과,,1439001,중국사회경제론,3,황선길,목 6  7  8 (SO105)
2,전선,경제학과,,KBA6041001,재정학,3,,월 6  7  8 (SO312)
1,전기,경제학과(야),,KBA6066002,경제통계학,3,김종귀,수 야간1  야간2  야간3 (SO114)
3,전선,경제학과(야),,KBA6004002,경제발전론,3,송기보,수 야간1  야간2  야간3 (SO219)
2,전선,경제학과(야),,KBA6092002,사회경제학,3,양준호,목 야간1  야간2  야간3 (SO114)
3,전선,경제학과(야),,KBA6023002,국제금융론,3,윤용만,월 야간1  야간2  야간3 (SO312)
3,전선,경제학과(야),,KBA6012002,경제학사,3,이갑영,화 야간1  야간2  야간3 (SO312)
4,전선,경제학과(야),,KBA6078002,자원환경경제학,3,정세국,금 야간1  야간2  야간3 (SO312)
4,전선,경제학과(야),,KBA6043002,한국경제론,3,정재호,화 야간1  야간2  야간3 (SO224)
1,전기,경제학과(야),,KB01002003,경제학원리(2),3,조전혁,월 야간1  야간2  야간3 (SO114)
4,전선,경제학과(야),,KBA6096002,지역경제론,3,하석용,수 야간1  야간2  야간3 (SO312)
2,전필,경제학과(야),,KBA6001002,거시경제학,3,황규상,화 야간1  야간2  야간3 (SO115)
4,전선,경제학과(야),,1439002,중국사회경제론,3,황선길,목 야간1  야간2  야간3 (SO312)
2,전선,경제학과(야),,KBA6041002,재정학,3,,월 야간1  야간2  야간3 (SO105)
3,전선,공연예술학과,,3483001,연출기법2,2,구태환,수 7  8  9 (ST206)
4,전선,공연예술학과,,3495001,작품제작2,2,구태환,목 1  2  3 (ST206)
3,전선,공연예술학과,,1069001,공연예술정책과행정,3,김진형,수 1  2  3 (SQ319)
4,전선,공연예술학과,,3493001,매체연기2,2,김형태,목 7  8  9 (ST206)
3,전선,공연예술학과,,3488001,무대기술2,2,박정수,월 7  8  9 (SQ319)
2,전선,공연예술학과,,3479001,신체표현2,2,서수민,수 1  2  3 (SX103)
3,전선,공연예술학과,,3489001,안무실기1,2,서수민,수 4  5  6 (ST206)
4,전선,공연예술학과,,3498001,작품분석,3,심재민,수 4  5  6 (SQ319)
3,전필,공연예술학과,,1078001,전통연희연구,3,윤동환,화 1  2  3 (SQ319)
1,전선,공연예술학과,,1052001,난타 2,2,이윤정,목 1  2  3 (SX103)
2,전필,공연예술학과,,1055001,무용학개론,3,이윤정,목 7  8  9 (SQ301-1)
3,전선,공연예술학과,,2334001,한국창작무용 2,2,이윤정,목 4  5  6 (SX103)
1,전필,공연예술학과,,1067001,한국무용 2,2,이은주,금 4  5  6 (SX103)
2,전선,공연예술학과,,1085001,한국무용 4,2,이은주,수 4  5  6 (SX103)
4,전선,공연예술학과,,3491001,안무실기3,2,이은주,수 7  8  9 (SX103)
2,전선,공연예술학과,,1061001,영화촬영이론,3,장수봉,화 4  5  6 (SQ301-1)
4,전선,공연예술학과,,3497001,영상제작2,2,장수봉,화 1  2  3 (SQ301-1)
1,전기,공연예술학과,,3472001,호흡과발성2,2,정혜승,화 1  2  3 (SX103)
1,전선,공연예술학과,,1045001,연극론,3,하병훈,월 4  5 (SQ301-1) 금 2 (SQ319)
2,전선,공연예술학과,,3477001,중급연기2,2,하병훈,월 7  8  9 (SX103)
3,전선,공연예술학과,,3481001,고급연기2,2,홍영준,목 7  8  9 (SX103)
2,전선,공연예술학과,,3475001,뮤지컬성악2,2,황승경,화 7  8  9 (SX101)
3,전선,공연예술학과,,3487001,뮤지컬댄스,2,황승경,화 4  5  6 (SX101)
2,전필,국어교육과,,3507001,문법교육론,3,강보선,수 7  8  9 (NC307)
1,전필,국어교육과,,3136001,국문학개론,3,고영화,화 2 (NC213) 금 3  4 (NC213)
1,전필,국어교육과,,3500001,국어교과교육론,3,고영화,화 3  4 (NC213) 금 2 (NC213)
2,전필,국어교육과,,3506001,문학교육론,3,고영화,수 1 (NC213) 목 3  4 (NC213)
3,전필,국어교육과,,3619001,국어사,3,김병욱,수 5  6  7 (NC312)
2,전선,국어교육과,,3508001,현대시교육론,3,김양희,수 3  4  5 (NC213)
3,전선,국어교육과,,3624001,국어의미론,3,김준기,금 1  2  3 (NC312)
3,전필,국어교육과,,3620001,국어논리및논술에관한교육,3,김평원,목 7 (NC308) 금 6  7 (NC213)
3,전선,국어교육과,,3622001,작문교육론,3,김평원,목 5  6 (NC308) 금 8 (NC213)
3,전선,국어교육과,,3623001,현대산문교육론,3,문성환,월 1  2  3 (NC206)
1,전기,국어교육과,,3137001,기초한문,3,배은희,월 7  8  9 (NC213)
2,전선,국어교육과,,3509001,국어통사론,3,양근용,월 2  3  4 (NC213)
2,전선,국어국문학과,,AIA6138001,한국고대시가의이해,3,남동걸,금 1  2  3 (SP503)
1,전기,국어국문학과,,AIA6084001,한국문학의이해,3,노지승,월 6  7 (SP503) 수 7 (SP503)
2,전선,국어국문학과,,AIA6132001,소설창작실기,3,노지승,수 2  3 (SP503) 목 1 (SP306)
3,전선,국어국문학과,,AIA6111001,소설과영화,3,노지승,월 2  3 (SP503) 목 6 (SP503)
2,전필,국어국문학과,,AIA6092001,국문학사의이해,3,류정월,월 2  3  4 (SP116)
2,전선,국어국문학과,,AIA6032001,한국고전소설론,3,류정월,월 6  7  8 (SP116)
4,전선,국어국문학과,,AIA6041001,현대문학연습,3,문성환,월 6  7  8 (SP405)
1,전기,국어국문학과,,AIA6121001,인간과언어문화,3,송원용,월 1  2 (SP119) 수 1 (SP119)
1,전기,국어국문학과,,AIA6084002,한국문학의이해,3,이승원,화 6 (SP503) 목 2  3 (SP503)
2,전필,국어국문학과,,AIA6040001,현대문학사,3,이승원,화 2  3 (SP119) 목 6 (SP119)
2,전선,국어국문학과,,AIA6131001,문학비평론,3,이승원,화 1 (SP119) 목 7  8 (SP503)
4,전선,국어국문학과,,AIA6075001,문학해석방법론,3,이승원,화 7  8 (SP503) 목 1 (SP503)
3,전선,국어국문학과,,AIA6122001,한국고전문학콘텐츠화의이론과실재,3,이영태,목 2  3  4 (SP405)
3,전선,국어국문학과,,AIA6127001,인천의언어지리와문화,3,이정은,화 5  6  7 (SP405)
3,전선,국어국문학과,,AIA6035001,한국현대시인론,3,이태희,수 6  7  8 (SP306)
2,전선,국어국문학과,,AIA6126001,한국어정서법의이해,3,정동경,화 6  7  8 (SP322)
3,전필,국어국문학과,,AIA6124001,한국한문학론,3,조현우,월 5 (SP119) 수 2  3 (SP119)
2,전선,국어국문학과,,AIA6093001,한국어문법구조,3,채숙희,수 5  6 (SP503) 목 2 (SP306)
3,전선,국어국문학과,,AIA6140001,한중시가문학론,3,최동국,목 7  8  9 (SP405)
3,전선,국어국문학과,,AIA6096001,한국어음운론의이해,3,하신영,화 2  3  4 (SP306)
3,전필,기계시스템공학부,기계ㆍ로봇공학전공,1847002,기계공학실험(2),2,강성만,수 5  6  7  8 (SI102)
3,전필,기계시스템공학부,자동차공학전공,EPA6038001,내연기관,3,김경배,금 1  2  3 (ST204)
2,전필,기계시스템공학부,메카트로닉스공학전공,2346001,메카트로닉스공학,3,김기준,화 1  2  3 (SJ224)
3,전필,기계시스템공학부,메카트로닉스공학전공,3606001,메카트로닉스실험2,2,김기준,수 1  2  3  4 (SJ230)
3,전선,기계시스템공학부,메카트로닉스공학전공,3417001,센서공학,3,김기준,화 7  8  9 (SI226)
3,전필,기계시스템공학부,기계ㆍ로봇공학전공,1853001,열전달,3,김내현,월 4  5 (SI386) 목 4 (SI386)
1,기과,기계시스템공학부,,102001,물리(2),3,김두환,수 6  7  8 (SI386)
1,기과,기계시스템공학부,,103007,물리실험(2),1,김병훈,목 5  6 (SF114)
2,전기,기계시스템공학부,자동차공학전공,4173001,자동차형상모델링,2,김승권,수 1  2  3  4 (SI268)
4,전선,기계시스템공학부,메카트로닉스공학전공,2366001,신소재공학,3,김암수,수 6  7  8 (SJ224)
4,전선,기계시스템공학부,기계ㆍ로봇공학전공,EPA6120001,기초통계학,3,김연태,화 6  7  8 (SI268)
1,기과,기계시스템공학부,,102002,물리(2),3,김영실,수 6  7  8 (SI515)
1,기과,기계시스템공학부,,103001,물리실험(2),1,김영실,월 5  6 (SF109)
2,전선,기계시스템공학부,기계ㆍ로봇공학전공,1840001,공업열역학(2),3,김은영,화 1  2  3 (SI386)
3,전선,기계시스템공학부,자동차공학전공,1898001,자동화시스템,3,김중,월 6  7  8 (ST204)
3,전선,기계시스템공학부,기계ㆍ로봇공학전공,EPA6116001,유체기계설계,3,김현진,월 2 (SI386) 목 7  8 (SI482)
2,전선,기계시스템공학부,자동차공학전공,3415001,동역학및정역학Ⅱ,3,남동호,화 5  6  7 (ST204)
2,전선,기계시스템공학부,자동차공학전공,4174001,응용열역학,3,류규현,목 6  7  8 (ST204)
3,전필,기계시스템공학부,자동차공학전공,1887001,자동차공학실험(2),2,류규현,화 6  7  8  9 (1201105)
4,전선,기계시스템공학부,자동차공학전공,1902001,자동차공학실험(4),2,류규현,수 1  2  3  4 (10012)
2,전필,기계시스템공학부,기계ㆍ로봇공학전공,1844001,동역학,3,민경탁,화 5 (SI386) 목 2  3 (SI386)
2,전선,기계시스템공학부,메카트로닉스공학전공,EPA6078001,재료역학(2),3,민철기,목 6  7  8 (SJ224)
3,전선,기계시스템공학부,메카트로닉스공학전공,EA06044001,수치해석,3,민철기,화 2  3  4 (SI226)
1,전기,기계시스템공학부,,104003,미분방정식,3,박기섭,수 1  2  3 (SI386)
2,전선,기계시스템공학부,기계ㆍ로봇공학전공,1837001,고체역학(2),3,박동삼,수 2  3 (SI482) 목 5 (SI386)
4,전선,기계시스템공학부,자동차공학전공,4170001,신호처리시스템,3,박만재,금 1  2  3 (SJ226)
4,전선,기계시스템공학부,자동차공학전공,4171001,차량파워트레인,3,박만재,금 5  6  7 (SJ226)
3,전선,기계시스템공학부,메카트로닉스공학전공,2369001,요소설계(2),2,박성완,수 7  8 (SI226)
4,전선,기계시스템공학부,메카트로닉스공학전공,3746001,공학종합설계,3,박성완,수 2  3  4 (SJ224)
1,전선,기계시스템공학부,,EP01004003,컴퓨터프로그래밍,3,박성욱,금 1  2  3 (SC104)
1,전선,기계시스템공학부,,EP01004004,컴퓨터프로그래밍,3,박성욱,금 4  5  6 (SC104)
1,기과,기계시스템공학부,,102003,물리(2),3,박승룡,수 6  7  8 (SI482)
4,교선,기계시스템공학부,기계ㆍ로봇공학전공,XAA2027001,공학과경영,3,박영규,목 3  4  5 (SI482)
4,전선,기계시스템공학부,기계ㆍ로봇공학전공,1865001,로봇공학,3,박영기,월 6  7  8 (SI482)
3,전선,기계시스템공학부,자동차공학전공,EPC6057001,제어시스템설계,3,백시영,목 2  3  4 (ST204)
3,전필,기계시스템공학부,기계ㆍ로봇공학전공,1847001,기계공학실험(2),2,서태일,수 1  2  3  4 (SI102)
3,전선,기계시스템공학부,기계ㆍ로봇공학전공,EPA6124001,CAM공학,3,서태일,월 6  7 (SI386) 금 1 (SI482)
3,전선,기계시스템공학부,기계ㆍ로봇공학전공,3413001,제어공학,3,송병근,화 6  7  8 (SI101)
2,전필,기계시스템공학부,기계ㆍ로봇공학전공,1834001,기계공작법(1),3,신관수,목 6  7  8 (SI386)
3,전선,기계시스템공학부,메카트로닉스공학전공,2351001,CNC시스템,2,신관수,목 3  4 (SJ224)
2,전선,기계시스템공학부,메카트로닉스공학전공,1874001,전산응용제도,2,신철기,목 1  2  3  4 (SI268)
4,전선,기계시스템공학부,기계ㆍ로봇공학전공,1867001,에너지변환공학,3,안호선,월 1  2 (SI482) 화 1 (SI482)
3,전선,기계시스템공학부,자동차공학전공,4163001,차량메커니즘요소,3,여인철,목 6  7  8 (SJ226)
1,기과,기계시스템공학부,,XAA1493003,대학화학,3,오세영,화 6  7  8 (SI386)
2,교선,기계시스템공학부,기계ㆍ로봇공학전공,480001,서양의역사와문화,3,오영인,화 6  7  8 (SI482)
2,전선,기계시스템공학부,기계ㆍ로봇공학전공,1845001,전산제도,2,우창기,수 5  6  7  8 (SI101)
3,전선,기계시스템공학부,기계ㆍ로봇공학전공,EA06029001,기계설계,3,우창기,화 2 (SI482) 목 1  2 (SI482)
1,전기,기계시스템공학부,,104002,미분방정식,3,이미혜,수 1  2  3 (SF104)
1,전선,기계시스템공학부,,EP01004001,컴퓨터프로그래밍,3,이병진,화 6  7  8 (SC102)
1,전선,기계시스템공학부,,EP01004002,컴퓨터프로그래밍,3,이병진,화 3  4  5 (SC102)
4,전선,기계시스템공학부,기계ㆍ로봇공학전공,415001,공학종합설계(2),3,이선곤,금 6  7  8 (SI482)
2,전선,기계시스템공학부,기계ㆍ로봇공학전공,1845002,전산제도,2,이장규,월 5  6  7  8 (SI268)
1,기과,기계시스템공학부,,XAA1493001,대학화학,3,이중철,화 2  3  4 (SI515)
1,기과,기계시스템공학부,,XAA1493002,대학화학,3,이중철,화 6  7  8 (SI515)
3,전선,기계시스템공학부,기계ㆍ로봇공학전공,EPA6117001,동력기관설계,3,이필형,금 2  3  4 (SI386)
4,전선,기계시스템공학부,메카트로닉스공학전공,1931001,동력기관,3,이필형,월 3  4  5 (SI226)
4,전선,기계시스템공학부,자동차공학전공,2292001,전산구조해석,3,임종완,목 1  2  3 (SJ226)
4,전선,기계시스템공학부,자동차공학전공,4180001,자동차트라이볼로지,3,임종완,월 6  7  8 (SJ226)
2,전선,기계시스템공학부,자동차공학전공,1878001,유체시스템역학(2),3,장병훈,수 6  7  8 (ST204)
3,전선,기계시스템공학부,자동차공학전공,1893001,응용열전달,3,장병훈,화 2  3  4 (SJ226)
1,기과,기계시스템공학부,,103004,물리실험(2),1,장주억,월 7  8 (SF112)
2,전필,기계시스템공학부,메카트로닉스공학전공,3179001,응용유체역학1,3,장태익,월 2  3  4 (SJ224)
2,전선,기계시스템공학부,메카트로닉스공학전공,EA06050001,열역학(2),3,장태익,월 6  7  8 (SJ224)
3,전선,기계시스템공학부,메카트로닉스공학전공,3418001,계측공학,2,전동근,월 1  2 (SI226)
1,전기,기계시스템공학부,,104001,미분방정식,3,정유정,수 1  2  3 (SF309)
2,전선,기계시스템공학부,자동차공학전공,4169001,응용재료역학,3,정진용,월 1  2  3 (ST204)
3,전선,기계시스템공학부,메카트로닉스공학전공,2350001,자동제어,3,정진용,월 6  7  8 (SI226)
1,기과,기계시스템공학부,,103006,물리실험(2),1,정태봉,목 5  6 (SF112)
3,전필,기계시스템공학부,메카트로닉스공학전공,1898002,자동화시스템,3,조순형,목 6  7  8 (SI226)
2,전기,기계시스템공학부,자동차공학전공,4173002,자동차형상모델링,2,최기훈,화 1  2  3  4 (SI268)
2,전필,기계시스템공학부,자동차공학전공,1876001,기계공작법개론,3,최양호,화 1  2  3 (ST204)
2,전필,기계시스템공학부,자동차공학전공,1876002,기계공작법개론,3,최양호,화 6  7  8 (SJ226)
3,전선,기계시스템공학부,자동차공학전공,1891001,차량동역학,3,최은오,수 1  2  3 (SJ226)
1,기과,기계시스템공학부,,103003,물리실험(2),1,추형곤,월 7  8 (SF109)
2,전필,기계시스템공학부,기계ㆍ로봇공학전공,EA06057001,유체역학(1),3,한민섭,목 1 (SI386) 금 6  7 (SI386)
2,전필,기계시스템공학부,메카트로닉스공학전공,3180001,회로망개론,3,홍선표,금 6  7  8 (SJ224)
4,전선,기계시스템공학부,메카트로닉스공학전공,2367001,머신비젼,3,홍선표,금 2  3  4 (SI226)
4,전선,기계시스템공학부,메카트로닉스공학전공,2368001,지능형네트웍,3,홍선표,수 6  7  8 (SJ230)
4,전선,기계시스템공학부,기계ㆍ로봇공학전공,1861001,기계공학실험(4),2,황상순,수 1  2  3  4 (SJ117-1)
4,전선,기계시스템공학부,기계ㆍ로봇공학전공,1861002,기계공학실험(4),2,황상순,금 1  2  3  4 (SJ117-1)
2,전필,기계시스템공학부,메카트로닉스공학전공,HBA6019001,운동역학,3,황승식,화 6  7  8 (SJ224)
1,기과,기계시스템공학부,,103002,물리실험(2),1,황지현,월 5  6 (SF115)
1,기과,기계시스템공학부,,103005,물리실험(2),1,황지현,월 7  8 (SF114)
1,전기,기계시스템공학부(야),,104004,미분방정식,3,강오진,월 야간1  야간2  야간3 (SI515)
3,전필,기계시스템공학부(야),기계ㆍ로봇공학전공(야),1853002,열전달,3,김내현,월 야간1  야간2 (SI386) 금 야간1 (SI503)
1,기과,기계시스템공학부(야),,102004,물리(2),3,김민수,금 야간1  야간2  야간3 (SI322)
4,전선,기계시스템공학부(야),기계ㆍ로봇공학전공(야),EPA6120002,기초통계학,3,김연태,화 야간1  야간2  야간3 (SI268)
2,전선,기계시스템공학부(야),기계ㆍ로봇공학전공(야),1840002,공업열역학(2),3,김은영,금 야간2  야간3  야간4 (SI386)
3,전선,기계시스템공학부(야),기계ㆍ로봇공학전공(야),EPA6116002,유체기계설계,3,김현진,수 야간1 (SI386) 목 야간2  야간3 (SI482)
4,전선,기계시스템공학부(야),기계ㆍ로봇공학전공(야),1861003,기계공학실험(4),2,김현진,금 야간1  야간2  야간3  야간4 (SJ117-1)
2,전필,기계시스템공학부(야),기계ㆍ로봇공학전공(야),1844002,동역학,3,민경탁,월 야간1 (SI503) 목 야간1  야간2 (SI386)
3,전필,기계시스템공학부(야),기계ㆍ로봇공학전공(야),1847003,기계공학실험(2),2,민경탁,수 야간2  야간3  야간4  야간5 (SI102)
2,전선,기계시스템공학부(야),기계ㆍ로봇공학전공(야),1837002,고체역학(2),3,박동삼,수 야간3  야간4 (SI386) 금 야간5 (SI386)
4,교선,기계시스템공학부(야),기계ㆍ로봇공학전공(야),XAA2027002,공학과경영,3,박영규,목 야간1  야간2  야간3 (SI385)
4,전선,기계시스템공학부(야),기계ㆍ로봇공학전공(야),1865002,로봇공학,3,박영기,월 야간1  야간2  야간3 (SI482)
3,전선,기계시스템공학부(야),기계ㆍ로봇공학전공(야),1857001,CAM공학,3,서태일,화 야간3  야간4 (SI482) 목 야간4 (SI482)
3,전선,기계시스템공학부(야),기계ㆍ로봇공학전공(야),3413002,제어공학,3,송병근,월 야간3  야간4  야간5 (SI386)
2,전필,기계시스템공학부(야),기계ㆍ로봇공학전공(야),1834002,기계공작법(1),3,신관수,목 야간3  야간4  야간5 (SI386)
4,전선,기계시스템공학부(야),기계ㆍ로봇공학전공(야),1867002,에너지변환공학,3,안호선,수 야간1  야간2 (SI482) 목 야간4 (SI385)
2,교선,기계시스템공학부(야),기계ㆍ로봇공학전공(야),422001,서양의역사와문화,3,오영인,화 야간1  야간2  야간3 (SI386)
3,전선,기계시스템공학부(야),기계ㆍ로봇공학전공(야),EA06029002,기계설계,3,우창기,화 야간1  야간2 (SI482) 목 야간1 (SI482)
1,전선,기계시스템공학부(야),,EP01004005,컴퓨터프로그래밍,3,이병진,화 야간2  야간3  야간4 (SC105)
3,전선,기계시스템공학부(야),기계ㆍ로봇공학전공(야),EPA6117002,동력기관설계,3,이필형,금 야간2  야간3  야간4 (SI482)
1,기과,기계시스템공학부(야),,103008,물리실험(2),1,장주억,월 야간4  야간5 (SF112)
2,전선,기계시스템공학부(야),기계ㆍ로봇공학전공(야),1845003,전산제도,2,조대희,월 야간2  야간3  야간4  야간5 (SI268)
1,기과,기계시스템공학부(야),,103009,물리실험(2),1,추형곤,월 야간4  야간5 (SF114)
2,전필,기계시스템공학부(야),기계ㆍ로봇공학전공(야),EA06057002,유체역학(1),3,한민섭,화 야간4  야간5 (SI386) 금 야간1 (SI386)
1,기과,기계시스템공학부(야),,XAA1493004,대학화학,3,한봉환,수 야간1  야간2  야간3 (SI515)
1,전선,도시건축학부,,1286003,건축설계스튜디오 1,3,강혁진,화 1  2  3  4  5  6 (SI430)
3,전필,도시건축학부,도시설계전공,1999001,도시설계스튜디오(2),6,곽동화,목 1  2  3  4  5  6  7  8  9 (SI437)
3,전선,도시건축학부,도시설계전공,EPE6080001,단지계획,3,곽동화,월 6 (SI535) 수 2  3 (SI535)
4,전선,도시건축학부,도시설계전공,2023001,도시재생과보전,3,곽동화,월 2  3 (SI543) 금 5 (SI535)
2,전필,도시건축학부,도시설계전공,1948003,건축설계스튜디오 3,6,권영상,월 1  2  3  4  5  6  7  8  9 (SI430)
3,전선,도시건축학부,도시설계전공,2383001,도시설계(2),3,권영상,화 2  3 (SI543) 수 1 (SI535)
1,전필,도시건축학부,,2338001,건축일반구조,3,권춘안,월 4  5  6 (SI543)
1,전필,도시건축학부,,2338002,건축일반구조,3,권춘안,월 7  8  9 (SI543)
1,전선,도시건축학부,,1286002,건축설계스튜디오 1,3,권태문,화 1  2  3  4  5  6 (SI429)
2,전필,도시건축학부,건축학전공,EPE6036001,건축조형론,3,김득선,수 4  5  6 (SI543)
4,전선,도시건축학부,건축학전공,1967001,실내디자인,3,김득선,화 4  5  6 (SI543)
2,전필,도시건축학부,도시설계전공,EPE6036002,건축조형론,3,김득선,수 7  8  9 (SI543)
2,전선,도시건축학부,건축공학전공,EPE6066001,재료역학,3,김민수,목 4  5  6 (SI535)
3,전선,도시건축학부,건축공학전공,2373001,철근콘크리트설계,3,김민수,목 1  2  3 (SI535)
1,전선,도시건축학부,,1286005,건축설계스튜디오 1,3,김선철,화 1  2  3  4  5  6 (SI437)
3,전선,도시건축학부,,2379001,건축법과제도,3,김수영,화 4  5  6 (SI433)
2,전선,도시건축학부,건축학전공,2009001,디지털건축표현,3,김수영,화 7 (SI539) 8 (SI535) 9 (SI539)
2,전선,도시건축학부,도시설계전공,2009002,디지털건축표현,3,김수영,화 7  8  9 (SI436)
2,전선,도시건축학부,건축공학전공,EPE6123001,건축환경(2),3,김용식,월 2  3 (SI433) 수 1 (SI433)
3,전선,도시건축학부,건축공학전공,EPE6025001,건축설비(2),3,김용식,월 6 (SI433) 화 2  3 (SI433)
2,전선,도시건축학부,건축학전공,3582001,건축구조계획,3,김필중,화 4  5  6 (SI535)
3,전선,도시건축학부,건축학전공,1961001,강구조,3,김필중,화 1  2  3 (SI535)
4,전선,도시건축학부,건축학전공,EPE6118001,건축실무,3,김필중,금 1  2  3 (SI539)
2,전필,도시건축학부,건축공학전공,EPE6008001,건축구조역학(2),3,김홍근,금 5  6  7 (SI433)
3,전선,도시건축학부,건축공학전공,EPE6105001,건축구조실험(2),3,류득현,금 4  5 (SJ113) 6  7  8 (SI543) 9 (SJ113)
2,전필,도시건축학부,건축공학전공,EPE6048001,공업수학(2),3,박기섭,수 5  6  7 (SI535)
4,전선,도시건축학부,건축학전공,1952001,건축설계스튜디오 7,6,박미진,수 1  2  3  4  5  6  7  8  9 (SI531)
4,전선,도시건축학부,건축공학전공,1994001,토질및기초공학,3,박송철,월 3  4  5 (SI535)
4,전선,도시건축학부,건축공학전공,1996001,건설사업기획및개발,3,박혜성,목 7  8  9 (SI535)
4,전선,도시건축학부,건축학전공,1968001,조경설계,3,박혜은,화 7  8  9 (SI543)
4,전선,도시건축학부,도시설계전공,1968002,조경설계,3,박혜은,화 7  8  9 (SI438)
2,전필,도시건축학부,건축학전공,1948001,건축설계스튜디오 3,6,서동연,월 1  2  3  4  5  6  7  8  9 (SI438)
2,전필,도시건축학부,건축학전공,1948002,건축설계스튜디오 3,6,소갑수,월 1  2  3  4  5  6  7  8  9 (SI429)
4,전선,도시건축학부,건축학전공,1952002,건축설계스튜디오 7,6,손도문,수 1  2  3  4  5  6  7  8  9 (SI532)
1,전선,도시건축학부,,1286004,건축설계스튜디오 1,3,엄명준,화 1  2  3  4  5  6 (SI432)
3,전필,도시건축학부,건축공학전공,1983001,건설관리(1),3,오세욱,목 6  7  8 (SI433)
1,전선,도시건축학부,,1286006,건축설계스튜디오 1,3,유창희,화 1  2  3  4  5  6 (SI431)
2,전필,도시건축학부,도시설계전공,1948004,건축설계스튜디오 3,6,윤정원,월 1  2  3  4  5  6  7  8  9 (SI437)
1,전필,도시건축학부,,EPE6011002,건축계획,3,이금진,수 8 (SI535) 목 7  8 (SI543)
3,전선,도시건축학부,건축학전공,2378001,건축작품연구,3,이금진,수 2  3 (SI543) 금 7 (SI535)
2,전선,도시건축학부,도시설계전공,EPE6085001,주거론,3,이금진,수 1 (SI543) 목 2  3 (SI433)
1,전기,도시건축학부,,XAA2025004,미적분학,3,이미혜,수 5  6  7 (SF103)
2,전선,도시건축학부,건축학전공,3581001,친환경건축실험,3,이영욱,금 1  2  3  4 (SI543)
2,전선,도시건축학부,도시설계전공,3581002,친환경건축실험,3,이영욱,금 1  2  3  4 (SI436)
1,전필,도시건축학부,,EPE6011001,건축계획,3,이재석,금 1  2  3 (SI534)
4,전선,도시건축학부,도시설계전공,2389001,도시개발,3,이재욱,금 1  2  3 (SI535)
2,전필,도시건축학부,,EPE6028001,건축시공(1),3,이찬식,수 2  3 (SI433) 목 1 (SI433)
4,전선,도시건축학부,건축공학전공,1993001,건축공학종합설계,3,이찬식,수 4  5  6  7  8  9 (SI433)
4,전선,도시건축학부,건축공학전공,1990001,친환경건축설비(2),3,장현숙,월 7  8  9 (SI535)
1,전기,도시건축학부,,XAA2025003,미적분학,3,정유정,수 5  6  7 (SF309)
3,전선,도시건축학부,건축공학전공,1986001,건축적산및실습,3,정재수,화 7  8  9 (SI433)
3,전필,도시건축학부,건축학전공,1950002,건축설계스튜디오 5,6,한은주,목 1  2  3  4  5  6  7  8  9 (SI432)
3,전필,도시건축학부,건축공학전공,EPE6124001,강구조학,3,허명재,금 1  2  3 (SI433)
1,전선,도시건축학부,,1286001,건축설계스튜디오 1,3,허병이,화 1  2  3  4  5  6 (SI438)
3,전필,도시건축학부,건축학전공,1950001,건축설계스튜디오 5,6,황순우,목 1  2  3  4  5  6  7  8  9 (SI431)
3,전필,도시건축학부,건축학전공,2829001,건축도시이론,3,황영삼,월 7  8 (SI433) 금 5 (SI543)
3,전필,도시건축학부,도시설계전공,2829002,건축도시이론,3,황영삼,월 7  8 (SI436) 금 5 (SI436)
4,전선,도시건축학부,도시설계전공,2001001,도시설계스튜디오(4),6,황영삼,수 1  2  3  4  5  6  7  8  9 (SI436)
4,전선,도시행정학과,,3738001,도시방재정책,3,노성민,목 6  7  8 (SI545)
4,전선,도시행정학과,,1616001,도시보건정책,3,문승권,목 2  3  4 (SI545)
2,전필,도시행정학과,,1591001,정책학원론,3,박주문,목 7  8  9 (SM502)
3,전선,도시행정학과,,1611001,도시복지론,3,박주문,수 4  5  6 (SI545)
3,전필,도시행정학과,,1610001,지역발전이론과실제,3,서정욱,목 1  2  3 (SN205)
3,전필,도시행정학과,,1607001,도시경제론,3,서종국,목 6  7  8 (SI322)
4,전선,도시행정학과,,1608001,도시개발론,3,서종국,월 2  3  4 (SI545)
1,전선,도시행정학과,,2490001,행정학원론,3,신종화,수 4  5  6 (SN206)
2,전필,도시행정학과,,1593001,조직관리론,3,신종화,금 3  4  5 (SM407)
3,전선,도시행정학과,,4149001,정책과이념,3,신종화,월 5  6  7 (SI545)
2,전필,도시행정학과,,1592001,도시계획론,3,윤석윤,화 3  4 (SM108) 수 3 (SM108)
2,전선,도시행정학과,,1595001,도시경영과정책,3,이성만,월 4  5  6 (SF336)
1,전필,도시행정학과,,1109001,현대사회와정보,3,이창길,금 1  2  3 (SM507)
2,전선,도시행정학과,,1596001,도시환경및문화론,3,이창길,수 4  5  6 (SF336)
3,전선,도시행정학과,,1604001,도시정보관리론,3,임상규,수 1  2  3 (SI545)
3,전선,도시행정학과,,1606001,도시인구론,3,최미옥,화 2  3  4 (SI545)
2,전선,도시행정학과,,1594001,도시행정과행정법,3,한형근,화 5  6  7 (SI545)
3,교선,도시환경공학부,건설환경공학전공,480002,서양의역사와문화,3,고경주,금 4  5  6 (SI337)
2,전필,도시환경공학부,도시건설공학전공,1457001,도시지반역학(1),2,김기웅,화 7  8  9 (SF336)
3,전선,도시환경공학부,도시건설공학전공,2855001,지반조사및실험,2,김기웅,수 4  5  6 (SP323)
4,전선,도시환경공학부,도시건설공학전공,1486001,지하공간개발공학,3,김기웅,목 4  5  6 (SH314)
4,전선,도시환경공학부,도시건설공학전공,1489001,도시수공설계,2,김기형,월 7  8 (SP113)
2,전기,도시환경공학부,건설환경공학전공,EPD6127001,고급미분방정식,3,김동욱,화 8  9 (SI337) 수 4 (SI337)
3,전선,도시환경공학부,건설환경공학전공,EPD6019001,기초공학,3,김동욱,화 5  6 (SI337) 목 3 (SI434)
1,기과,도시환경공학부,,102011,물리(2),3,김두환,화 1  2  3 (SI337)
3,전선,도시환경공학부,환경공학전공,2849001,자원순환공학,3,김득성,금 3  4  5 (SP115)
2,전선,도시환경공학부,건설환경공학전공,EPD6013001,교통공학,3,김응철,월 6 (SI434) 목 5  6 (SI434)
3,전선,도시환경공학부,건설환경공학전공,EPD6116001,도시설계,3,김응철,월 4 (SI337) 목 8  9 (SI434)
4,전필,도시환경공학부,건설환경공학전공,EPD6126001,캡스턴디자인,3,김응철,월 8  9 (SI337) 화 4 (SI337)
2,전선,도시환경공학부,환경공학전공,2833001,상하수도계획,3,김주원,화 1  2  3 (SP113)
1,기과,도시환경공학부,,102013,물리(2),3,김진영,화 1  2  3 (SM406)
3,전필,도시환경공학부,환경공학전공,2482001,고도수처리공학,3,김진한,월 6  7  8 (SF308)
4,전선,도시환경공학부,환경공학전공,2848001,환경경제성공학,3,김진한,목 1  2  3 (SI502)
1,전선,도시환경공학부,,1345002,컴퓨터프로그래밍,3,나영우,월 4  5  6 (SC105)
1,전선,도시환경공학부,,1345003,컴퓨터프로그래밍,3,나영우,월 7  8  9 (SC105)
2,전선,도시환경공학부,건설환경공학전공,EPD6051001,측량학(2),3,나영우,목 7  8  9 (SI337)
4,전선,도시환경공학부,건설환경공학전공,EPD6115001,원격측정학,3,나영우,수 7  8  9 (SI127)
4,전선,도시환경공학부,도시건설공학전공,1487001,첨단도시교통체계,2,문승라,금 1  2  3 (SF336)
2,전선,도시환경공학부,환경공학전공,1799001,분석화학,3,문진영,수 1  2  3 (SP115)
4,전선,도시환경공학부,환경공학전공,2842001,환경영향평가,3,문진영,수 5  6  7 (SH406)
1,전선,도시환경공학부,,1345001,컴퓨터프로그래밍,3,박승진,목 1  2  3 (SC104)
2,전선,도시환경공학부,도시건설공학전공,EPE6049001,공업역학,2,박승진,금 1  2  3 (SP113)
3,전선,도시환경공학부,도시건설공학전공,EPD6037001,응용역학(2),2,박승진,금 4  5  6 (SP113)
1,기과,도시환경공학부,,103030,물리실험(2),1,박인호,수 7  8 (SF115)
3,전선,도시환경공학부,환경공학전공,2941001,악취제어공학,3,박찬진,월 1  2  3 (SM507)
2,전선,도시환경공학부,도시건설공학전공,1459001,건설설계실무,2,박창화,월 7  8  9 (SF336)
3,전선,도시환경공학부,도시건설공학전공,3743001,도시건설시공학 Ⅱ,3,배을호,금 7  8  9 (SF336)
2,전선,도시환경공학부,도시건설공학전공,1460001,하천수리학(2),2,백승화,월 4  5  6 (SF335)
3,전선,도시환경공학부,도시건설공학전공,2853001,유체실험및실습,2,백승화,화 3  4  5  6 (SF527)
3,전필,도시환경공학부,환경공학전공,2485001,폐기물처리시설설계,2,서동천,목 1  2  3 (SP113)
3,전선,도시환경공학부,도시건설공학전공,3744001,도로용량분석,2,석종수,수 7  8  9 (SP113)
1,기과,도시환경공학부,,XAA1493010,대학화학,3,손민일,월 1  2  3 (SI337)
3,전선,도시환경공학부,환경공학전공,2489001,막분리공정,3,송연민,수 6  7  8 (SH504)
1,기과,도시환경공학부,,103024,물리실험(2),1,송은선,수 5  6 (SF109)
1,기과,도시환경공학부,,103027,물리실험(2),1,송은선,수 7  8 (SF109)
2,전필,도시환경공학부,건설환경공학전공,EPD6073001,토질역학(1),2,신은철,월 5 (SI337) 금 2  3 (SI337)
4,전선,도시환경공학부,건설환경공학전공,EPD6109001,지반환경공학,3,신은철,수 4  5 (SI434) 목 6 (SI337)
2,전선,도시환경공학부,도시건설공학전공,1461001,건설재료실험,1,심현보,목 4  5 (SF335)
4,전선,도시환경공학부,도시건설공학전공,1490001,PS구조물설계,2,심현보,목 7  8 (SP113)
4,전선,도시환경공학부,건설환경공학전공,EPD6076001,항만공학,3,안경수,월 1 (SI222) 화 1  2 (SI222)
2,전선,도시환경공학부,환경공학전공,2835001,유해폐기물처리공학,3,여운호,화 6  7  8 (SM507)
3,전필,도시환경공학부,환경공학전공,1522001,소음진동설계,2,여운호,수 2  3  4 (SP322)
1,기과,도시환경공학부,,XAA1493012,대학화학,3,오세영,목 1  2  3 (SI337)
4,교선,도시환경공학부,건설환경공학전공,XAA2026001,공학윤리,3,원종구,수 1  2  3 (SI337)
2,전선,도시환경공학부,도시건설공학전공,1470001,도로계획및설계,2,윤병조,화 1  2  3 (SF336)
2,전필,도시환경공학부,건설환경공학전공,EPD6026001,수리실험,1,윤여승,월 2  3 (SJ126)
2,전필,도시환경공학부,건설환경공학전공,EPD6026002,수리실험,1,윤여승,화 2  3 (SJ126)
1,교필,도시환경공학부,,XAA8062002,공학작문및발표,3,윤종희,금 7  8  9 (SF335)
1,교필,도시환경공학부,,XAA8062003,공학작문및발표,3,윤종희,수 7  8  9 (SF335)
1,교필,도시환경공학부,,XAA8062004,공학작문및발표,3,윤종희,금 4  5  6 (SF336)
2,전선,도시환경공학부,도시건설공학전공,1462001,도시재생공학,3,이석주,수 7  8  9 (SF336)
2,전선,도시환경공학부,도시건설공학전공,2500001,지형정보공학및실습,2,이용창,월 1  2  3 (SF336)
3,전선,도시환경공학부,도시건설공학전공,1472001,지형모델링및공간설계,2,이용창,목 4  5  6 (SF527)
4,전선,도시환경공학부,도시건설공학전공,1488001,도시공간정보학,2,이용창,수 5  6  7 (SH314)
1,기과,도시환경공학부,,103025,물리실험(2),1,이운학,수 5  6 (SF114)
1,기과,도시환경공학부,,103029,물리실험(2),1,이운학,수 7  8 (SF114)
1,기과,도시환경공학부,,XAA1493011,대학화학,3,이현주,월 1  2  3 (SI434)
2,전필,도시환경공학부,환경공학전공,2921001,대기오염확산,3,이희관,월 8 (SH505) 수 5  6 (SF308)
4,전선,도시환경공학부,환경공학전공,1527001,실내환경공학,3,이희관,월 6  7 (SH406) 수 8 (SH406)
3,전필,도시환경공학부,도시건설공학전공,1466001,RC구조물설계(2),2,장원섭,목 7  8  9 (SM501)
4,전선,도시환경공학부,환경공학전공,2487001,환경에너지공학,3,장현섭,금 6  7  8 (SH406)
3,전선,도시환경공학부,환경공학전공,2479001,환경청정공학,3,전병희,금 6  7  8 (SH314)
4,전선,도시환경공학부,도시건설공학전공,1491001,도시구조물설계,2,전찬기,화 5  6  7 (SF308)
2,전선,도시환경공학부,환경공학전공,1785001,유기화학,3,정종태,월 5  6  7 (SH504)
4,전선,도시환경공학부,환경공학전공,2483001,용수처리시설설계,2,정종태,금 1  2  3 (SH406)
1,전기,도시환경공학부,,2394002,미분방정식,3,조광희,금 1  2  3 (SI434)
1,전기,도시환경공학부,,2394003,미분방정식,3,조광희,금 4  5  6 (SI434)
1,전기,도시환경공학부,,2394004,미분방정식,3,조광희,금 7  8  9 (SI337)
3,전필,도시환경공학부,건설환경공학전공,EPD6014001,구조실험,1,조양희,화 2  3 (SI229)
3,전필,도시환경공학부,건설환경공학전공,EPD6014002,구조실험,1,조양희,금 2  3 (SI229)
3,전선,도시환경공학부,건설환경공학전공,EPD6044001,철근콘크리트(2),3,조양희,월 5 (SI434) 목 4  5 (SI337)
3,전선,도시환경공학부,도시건설공학전공,1476001,CM감리론,2,지홍근,화 7  8 (SM501)
2,전필,도시환경공학부,건설환경공학전공,ED06030001,수리학(2),2,최계운,수 5  6 (SI337) 금 1 (SI337)
3,전선,도시환경공학부,건설환경공학전공,EPD6091001,하수도공학,3,최계운,수 3 (SI434) 목 1  2 (SI434)
2,전필,도시환경공학부,건설환경공학전공,EPD6047001,측량실습(2),1,최병길,월 8  9 (SI127)
2,전필,도시환경공학부,건설환경공학전공,EPD6047002,측량실습(2),1,최병길,수 1  2 (SI127)
1,기과,도시환경공학부,,102012,물리(2),3,최치영,화 1  2  3 (SI434)
1,기과,도시환경공학부,,103026,물리실험(2),1,추형곤,수 5  6 (SF115)
2,전필,도시환경공학부,환경공학전공,1648001,환경생물공학,3,한상윤,월 1  2  3 (SF309)
1,기과,도시환경공학부,,103028,물리실험(2),1,함효식,수 7  8 (SF112)
2,전선,도시환경공학부,건설환경공학전공,EPD6089001,재료역학,3,허종완,월 4 (SI434) 화 5  6 (SI434)
3,전필,도시환경공학부,건설환경공학전공,EPD6018001,구조역학(2),2,허종완,월 6 (SI337) 수 8  9 (SI337)
3,전선,도시환경공학부,건설환경공학전공,EPD6003001,강구조공학,3,허종완,월 8  9 (SI434) 수 6 (SI434)
4,전선,도시환경공학부,건설환경공학전공,EPD6024001,매트릭스구조해석,3,허종완,화 8  9 (SI434) 목 4 (SI434)
4,전선,도시환경공학부,건설환경공학전공,EPD6106001,하천환경공학,3,,금 7  8  9 (SI434)
1,전필,독어독문학과,,AIE6002001,독일문학개론,3,권혁준,월 5 (SP502) 수 2  3 (SP502)
2,전선,독어독문학과,,AIE6054001,독일어권지역학,3,권혁준,화 7 (SP317) 금 2  3 (SP502)
3,전선,독어독문학과,,AIE6023001,독일희곡연습,3,권혁준,월 2  3 (SP502) 수 5 (SP502)
1,전선,독어독문학과,,AIE6081001,독일어권의문화예술,3,김종은,월 6 (SP502) 금 5  6 (SP502)
3,전선,독어독문학과,,AIE6052001,통상독일어,3,김종은,월 5 (SP113) 화 5  6 (SP317)
4,전선,독어독문학과,,AIE6077001,영상으로보는독일문화,3,김종은,월 2  3 (SP101) 금 2 (SP405)
2,전선,독어독문학과,,AIE6079001,독일문학사,3,김혜진,수 2  3  4 (SP405)
1,전기,독어독문학과,,AIE6060001,기초독일어(2),2,미하엘멩케,목 6  7 (SP502) 금 1  2 (SP119)
2,전필,독어독문학과,,AIE6010001,독일어회화(2),2,미하엘멩케,목 2  3 (SP502) 금 5  6 (SP116)
3,전선,독어독문학과,,2696001,독일어연습과회화4,3,미하엘멩케,화 2  3 (SP317) 목 5 (SP306)
3,전선,독어독문학과,,2700001,지역학의이론과실제,3,미하엘멩케,수 7  8  9 (SP502)
4,전선,독어독문학과,,AIE6044001,실용독일어,3,미하엘멩케,화 5  6 (SP113) 금 3 (SP119)
1,전기,독어독문학과,,AIE6058001,기초독일어연습(2),2,박은주,화 5  6 (SP502) 목 4  5 (SP502)
1,전기,독어독문학과,,AIE6058002,기초독일어연습(2),2,박은주,화 7  8 (SP502) 목 2  3 (SP116)
4,전선,독어독문학과,,AIE6051001,독일어학연습,3,이완호,화 1  2  3 (SP405)
2,전필,독어독문학과,,356001,독일어연습(2),2,이원경,화 2  3 (SP502) 수 6  7 (SP101)
2,전선,독어독문학과,,2693001,독일소설이해,3,이지은,수 8 (SP406) 목 7  8 (SP306)
1,전선,동북아국제통상학부,,KA06172001,초급러시아경제강독,3,강성희,목 1  2  3 (SO218)
1,전필,동북아국제통상학부,,KA06144001,중국경제론,3,강소연,목 3  4  5 (SO219)
3,전필,동북아국제통상학부,중국통상전공,KAA6028001,중국경제특강,3,김민수,화 5 (SO218) 목 6  7 (SO218)
4,전필,동북아국제통상학부,중국통상전공,KAA6029001,중국경제세미나,3,김민수,월 7  8 (SO218) 화 6 (SO218)
1,전필,동북아국제통상학부,,KA06066001,초급중국어회화,2,김병천,월 5  6 (SO218) 수 1  2 (SO218)
1,전필,동북아국제통상학부,,KA06175001,중국어독해작문(1),2,김병천,화 3  4 (SO218) 금 1  2 (SO218)
1,전기,동북아국제통상학부,,KA06149001,미시경제론,3,김지영,화 5  6 (SO115) 수 6 (SO114)
1,전기,동북아국제통상학부,,KA06171001,경제통계학,3,김지영,수 4  5 (SO114) 목 8 (SO114)
3,전필,동북아국제통상학부,,KA06170001,국제금융론,3,김지영,월 1 (SO115) 목 4  5 (SO115)
1,전필,동북아국제통상학부,,KA06084001,초급러시아어회화,2,루드밀라,월 5  6 (SO220) 수 1  2 (SO220)
1,전필,동북아국제통상학부,,KA06177001,러시아어독해작문(1),2,루드밀라,화 3  4 (SO220) 금 1  2 (SO220)
4,전선,동북아국제통상학부,러시아통상전공,3460001,국제경제러시아어회화,3,루드밀라,화 5 (SO224) 금 4  5 (SO224)
1,전필,동북아국제통상학부,,KA06075001,초급일본어회화,2,모리카나,월 5  6 (SO219) 수 1  2 (SO219)
1,전필,동북아국제통상학부,,KA06176001,일본어독해작문(1),2,모리카나,화 3  4 (SO219) 금 1  2 (SO219)
3,전기,동북아국제통상학부,,KA06168001,한국경제론,3,박제훈,월 3 (SO114) 화 7  8 (SO114)
4,전필,동북아국제통상학부,러시아통상전공,KAC6029001,러시아경제세미나,3,박제훈,월 7  8 (SO220) 화 6 (SO220)
3,전필,동북아국제통상학부,러시아통상전공,KAC6027001,한러경제관계론,3,박지원,목 1  2  3 (SO220)
1,전선,동북아국제통상학부,,KA06115001,동북아통상입문,3,정훈,목 6 (SO219) 금 3  4 (SO219)
3,전필,동북아국제통상학부,일본통상전공,KAB6027001,한일경제관계론,3,정훈,월 7  8 (SO219) 화 6 (SO219)
4,전필,동북아국제통상학부,일본통상전공,KAB6029001,일본경제세미나,3,정훈,월 9 (SO219) 화 7  8 (SO219)
1,전필,동북아국제통상학부,,KA06143001,초급영어회화,2,조엘 르블랑,월 7  8 (SO224) 수 7  8 (SO224)
1,전필,동북아국제통상학부,,KA06178001,영어독해작문(1),2,조엘 르블랑,화 7  8 (SO220) 목 4  5 (SO220)
3,전필,동북아국제통상학부,미국통상전공,KAD6021001,한미경제관계론,3,한도숙,수 6  7 (SO220) 목 6 (SO220)
4,전필,동북아국제통상학부,미국통상전공,KAD6023001,미국경제세미나,3,한도숙,수 9 (SO220) 목 7  8 (SO220)
1,전선,디자인학부,,1133001,디자인사,3,강현옥,화 4  5  6 (SQ313)
1,전선,디자인학부,,1133002,디자인사,3,강현옥,목 4  5  6 (SQ313)
3,전선,디자인학부,,4242001,광고영상디자인,2,강현옥,목 7  8  9 (SQ212)
4,전선,디자인학부,,4282001,영상디자인프로젝트,3,강현옥,수 5  6  7  8 (SQ212)
1,전필,디자인학부,,2047001,디지털그래픽,2,곽성근,월 4  5  6 (SQ215)
1,전필,디자인학부,,2047002,디지털그래픽,2,곽성근,월 7  8  9 (SQ215)
2,전선,디자인학부,,4237001,애니메이션,3,곽성근,화 1  2  3 (SQ311)
2,전선,디자인학부,,4228001,생활가구디자인,2,곽철안,금 5  6  7 (SQ306-1)
1,전필,디자인학부,,4225001,색채와표현,2,김성희,목 4  5  6 (SQ109)
1,전필,디자인학부,,4225002,색채와표현,2,김성희,수 4  5  6 (SQ306-1)
3,전선,디자인학부,,4243001,리빙시스템디자인2,2,김성희,수 7  8  9 (SQ213)
1,전선,디자인학부,,4233001,평면과매체,2,김영희,화 1  2  3 (SQ310)
1,전선,디자인학부,,4233002,평면과매체,2,김영희,목 1  2  3 (SQ310)
4,전선,디자인학부,,4279002,시각디자인프로젝트,3,김장오,화 1  2  3 (SQ212) 4 (SQ214)
2,전선,디자인학부,,2531001,기초시각디자인,2,박정희,화 4  5  6 (SQ215)
2,전선,디자인학부,,2531002,기초시각디자인,2,박정희,화 7  8  9 (SQ215)
1,전선,디자인학부,,4234001,형태와구조,2,박종찬,월 4  5  6 (SQ109)
1,전선,디자인학부,,4234002,형태와구조,2,박종찬,월 7  8  9 (SQ109)
2,전선,디자인학부,,2544001,생활용품디자인,2,박종찬,목 4  5  6 (SQ306-1)
2,전선,디자인학부,,2544002,생활용품디자인,2,박종찬,목 7  8  9 (SQ306-1)
2,전선,디자인학부,,4228002,생활가구디자인,2,서명원,월 1  2  3 (SQ306-1)
4,전선,디자인학부,,2558001,제품디자인프로젝트,3,서명원,월 4  5  6  7 (SQ214)
1,전선,디자인학부,,HC06048002,사진,2,송현호,화 4  5  6 (SQ109)
2,전선,디자인학부,,2535001,디지털영상제작,2,송현호,월 4  5  6 (SQ212)
2,전선,디자인학부,,2535002,디지털영상제작,2,송현호,수 4  5  6 (SQ215)
3,전선,디자인학부,,4250001,3D입체영상제작,2,송현호,금 4  5  6 (SQ212)
4,전선,디자인학부,,1165001,포트폴리오,2,심효영,월 1  2  3 (SQ215)
3,전선,디자인학부,,4240001,패키지디자인,2,유선경,목 1  2  3 (SQ215)
3,전선,디자인학부,,4240002,패키지디자인,2,유선경,목 4  5  6 (SQ215)
4,전선,디자인학부,,4279001,시각디자인프로젝트,3,유선경,수 1  2  3 (SQ212) 4 (SQ214)
3,전선,디자인학부,,4249001,시각정보디자인,2,이영화,월 1  2  3 (SQ212)
3,전선,디자인학부,,4249002,시각정보디자인,2,이영화,월 5  6 (SQ213) 7 (SQ212)
3,전선,디자인학부,,4241001,모션그래픽스,2,이현주,금 7  8  9 (SQ212)
1,전선,디자인학부,,1117001,기초디자인 2,2,이호명,수 4  5  6 (SQ109)
1,전선,디자인학부,,1117002,기초디자인 2,2,이호명,수 7  8  9 (SQ109)
3,전선,디자인학부,,HAC6052001,일러스트레이션(2),2,전기순,금 1  2  3 (SQ213)
3,전선,디자인학부,,4251001,스마트제품디자인,2,정광호,수 4  5  6 (SQ213)
1,전선,디자인학부,,HC06048001,사진,2,정동환,금 4  5  6 (SQ109)
2,전선,디자인학부,,3470001,CAD,2,최성익,수 4  5  6 (SQ217)
2,전선,디자인학부,,3470002,CAD,2,최성익,수 1  2  3 (SQ215)
2,전선,디자인학부,,3466001,기초영상디자인2,2,한달호,수 7  8  9 (SQ215)
2,전선,디자인학부,,3466002,기초영상디자인2,2,한달호,목 4  5  6 (SQ212)
4,전선,디자인학부,,3469001,영상론,3,한달호,목 1  2  3 (SQ311)
2,전선,디자인학부,,2532001,타이포그래피2,2,한은희,금 1  2  3 (SQ215)
2,전선,디자인학부,,2532002,타이포그래피2,2,한은희,금 4  5  6 (SQ215)
4,전선,디자인학부,,1165002,포트폴리오,2,한은희,화 5  6 (SQ214) 7 (SQ217)
2,전선,디자인학부,,4238001,그래픽디자인,2,허진하,화 7  8  9 (SQ212)
2,전선,디자인학부,,4238002,그래픽디자인,2,허진하,화 4  5  6 (SQ212)
3,전선,디자인학부,,3464001,영상커뮤니케이션디자인2,2,홍은정,목 1  2  3 (SQ212)
4,전선,디자인학부,,2091001,애니메이션프로젝트,3,홍은정,목 4  5  6  7 (SQ217)
4,전선,무역학부,,KBB6044001,무역세미나,3,경문수,목 6  7  8 (SO224)
4,전선,무역학부,,1281001,보험세미나,3,곽봉환,월 5  6 (SO209) 화 3 (SO105)
2,전필,무역학부,,1254003,통계학,3,구자성,금 1  2  3 (SO201)
1,전필,무역학부,,KB01002004,경제학원리(2),3,김순홍,월 2 (SO114) 화 5  6 (SO114)
2,전선,무역학부,,1258001,조사방법론,3,김순홍,수 5  6 (SO309) 목 7 (SO309)
1,전선,무역학부,,1244001,회계학2,3,김원재,수 3 (SO209) 목 4  5 (SO209)
3,전선,무역학부,,4201001,물류관리회계,3,김원재,월 6 (SO105) 수 5  6 (SO209)
4,전선,무역학부,,1280001,금융세미나,3,김호림,수 5  6  7 (SO218)
3,전선,무역학부,,KBB6006001,국제마케팅,3,김홍섭,월 4 (SO114) 화 1  2 (SO114)
3,전선,무역학부,,KBB6006002,국제마케팅,3,김홍섭,화 5 (SO105) 수 3  4 (SO105)
1,전필,무역학부,,KB02004001,무역영어(1),3,김효율,화 7  8 (SO115) 목 1 (SO114)
4,전선,무역학부,,KBB6045001,물류세미나,3,문병석,목 1  2  3 (SO209)
2,전필,무역학부,,1254001,통계학,3,박구웅,수 1  2 (SO309) 목 2 (SO309)
2,전필,무역학부,,1254002,통계학,3,박구웅,목 1 (SO309) 금 2  3 (SO309)
1,전선,무역학부,,3854001,E데이터베이스,3,박성현,월 2  3  4 (SC102)
1,전선,무역학부,,3854002,E데이터베이스,3,박성현,월 6  7  8 (SC102)
2,전선,무역학부,,1253001,중국경제론,3,박정동,수 7  8 (SO209) 금 1 (SO209)
2,전선,무역학부,,1253002,중국경제론,3,박정동,수 4 (SO115) 금 4  5 (SO209)
2,전필,무역학부,,KBB6035001,국제통상법,3,손기윤,월 3 (SO105) 화 2  3 (SO115)
2,전필,무역학부,,KBB6035002,국제통상법,3,손기윤,월 7  8 (SO115) 목 3 (SO105)
2,전필,무역학부,,KBB6035003,국제통상법,3,손기윤,화 6 (SO105) 금 4  5 (SO105)
2,전선,무역학부,,KBB6038001,국제협상론,3,손기윤,목 5 (SO224) 금 7  8 (SO209)
1,전필,무역학부,,KB02004002,무역영어(1),3,안영효,목 2 (SO114) 금 3  4 (SO114)
1,전필,무역학부,,KB02004003,무역영어(1),3,안영효,수 3 (SO114) 금 7  8 (SO114)
3,전선,무역학부,,1267001,국제물류관리론,3,안영효,수 1  2 (SO105) 금 1 (SO105)
3,전선,무역학부,,1267002,국제물류관리론,3,안영효,화 2 (SO105) 목 4  5 (SO105)
1,전선,무역학부,,KB01005001,무역학개론,3,옥우석,목 3 (SO114) 금 1  2 (SO114)
3,전선,무역학부,,2749001,금융DATA분석,3,옥우석,수 3  4 (SO309) 목 6 (SO309)
4,전선,무역학부,,KBB6046001,현장교육실습(4),4,옥우석,월 0  1  2  3 (ZZ102) 화 0  1  2  3 (ZZ102) 수 0  1  2  3 (ZZ102) 목 0  1  2  3 (ZZ102) 금 0  1  2  3 (ZZ102)
4,전선,무역학부,,KBB6047001,현장교육실습(5),9,옥우석,월 0  1  2  3  4  5  6  7  8 (ZZ102) 화 0  1  2  3  4  5  6  7  8 (ZZ102) 수 0  1  2  3  4  5  6  7  8 (ZZ102) 목 0  1  2  3  4  5  6  7  8 (ZZ102) 금 0  1  2  3  4  5  6  7  8 (ZZ102)
1,전필,무역학부,,KB01002005,경제학원리(2),3,유병국,화 3 (SO114) 수 1  2 (SO114)
2,전선,무역학부,,1272001,네트워크경제론,3,유병국,월 3  4 (SO309) 화 5 (SO309)
4,전선,무역학부,,3462001,e-biz창업실무,3,유병국,수 7  8 (SO309) 목 5 (SO309)
1,전선,무역학부,,1244002,회계학2,3,이동찬,금 6  7  8 (SO224)
2,전필,무역학부,,1254004,통계학,3,이명운,월 6  7  8 (SO309)
2,전선,무역학부,,KBB6051001,국제경영론,3,이민호,화 1  2  3 (SO209)
1,전선,무역학부,,KB01005002,무역학개론,3,임동민,수 6  7  8 (SO115)
3,전선,무역학부,,KBB6060001,무역결제론,3,채훈,수 1 (SO209) 목 2  3 (SO115)
2,전선,무역학부,,KBB6059001,해외지역연구,3,최정운,목 6  7  8 (SO209)
1,전선,무역학부,,KB01005003,무역학개론,3,함영진,목 6  7  8 (SO115)
2,전선,무역학부,,KBB6054001,리스크관리론,3,함영진,수 2 (SO209) 금 7  8 (SO219)
1,전필,무역학부,,KB01002006,경제학원리(2),3,함정호,월 6  7  8 (SO114)
3,전선,무역학부,,1271001,금융상품론,3,함정호,화 6  7  8 (SO309)
3,전선,무역학부,,4200001,지리경제학,3,,월 4  5  6 (SO224)
4,전선,무역학부(야),,KBB6044002,무역세미나,3,경문수,목 야간1  야간2  야간3 (SO224)
4,전선,무역학부(야),,KBB6045002,물류세미나,3,김광석,수 야간1  야간2  야간3 (SO105)
1,전필,무역학부(야),,KB01002007,경제학원리(2),3,김순홍,화 야간2  야간3  야간4 (SO114)
1,전선,무역학부(야),,1244003,회계학2,3,김원재,목 야간3  야간4  야간5 (SO209)
3,전선,무역학부(야),,4201002,물류관리회계,3,김원재,월 야간1  야간2  야간3 (SO209)
4,전선,무역학부(야),,1280002,금융세미나,3,김호림,수 야간1  야간2  야간3 (SO218)
3,전선,무역학부(야),,KBB6006003,국제마케팅,3,김홍섭,월 야간1  야간2  야간3 (SO115)
1,전필,무역학부(야),,KB02004004,무역영어(1),3,김효율,금 야간1  야간2  야간3 (SO114)
1,전선,무역학부(야),,3854003,E데이터베이스,3,박성현,월 야간1  야간2  야간3 (SC102)
3,전선,무역학부(야),,KBB6033001,국제물류관리론,3,박정섭,금 야간1  야간2  야간3 (SO115)
3,전선,무역학부(야),,1262001,한국무역론,3,배근성,목 야간1  야간2  야간3 (SO105)
3,교,무역학부(야),,440001,상업정보교과교육론,3,서보원,화 야간1  야간2  야간3 (SO219)
4,교,무역학부(야),,446001,상업.정보논리및논술에관한교육,2,서보원,화 야간4  야간5 (SO219)
2,전필,무역학부(야),,KBB6035004,국제통상법,3,손기윤,목 야간1  야간2  야간3 (SO115)
3,전선,무역학부(야),,KBB6046002,현장교육실습(4),4,옥우석,월 0  1  2  3 (ZZ102) 화 0  1  2  3 (ZZ102) 수 0  1  2  3 (ZZ102) 목 0  1  2  3 (ZZ102) 금 0  1  2  3 (ZZ102)
4,전선,무역학부(야),,KBB6047002,현장교육실습(5),9,옥우석,월 0  1  2  3  4  5  6  7  8 (ZZ102) 화 0  1  2  3  4  5  6  7  8 (ZZ102) 수 0  1  2  3  4  5  6  7  8 (ZZ102) 목 0  1  2  3  4  5  6  7  8 (ZZ102) 금 0  1  2  3  4  5  6  7  8 (ZZ102)
2,전선,무역학부(야),,1272002,네트워크경제론,3,유병국,화 야간1  야간2  야간3 (SO309)
2,전필,무역학부(야),,1254005,통계학,3,이명운,월 야간1  야간2  야간3 (SO309)
2,전필,무역학부(야),,1253003,중국경제론,3,이석우,금 야간1  야간2  야간3 (SO105)
1,전선,무역학부(야),,KB01005004,무역학개론,3,임동민,수 야간1  야간2  야간3 (SO115)
3,전선,무역학부(야),,KBB6060002,무역결제론,3,채훈,수 야간1  야간2  야간3 (SO209)
2,전선,무역학부(야),,KBB6054002,리스크관리론,3,함영진,화 야간1  야간2  야간3 (SO209)
4,전선,무역학부(야),,1281002,보험세미나,3,함영진,목 야간1  야간2  야간3 (SO218)
3,전선,무역학부(야),,1271002,금융상품론,3,함정호,화 야간1  야간2  야간3 (SO105)
1,전기,문헌정보학과,,1671001,정보학개론,3,김혜경,수 6  7  8 (SN208)
2,전선,문헌정보학과,,1681001,자료목록실습,3,김혜경,월 6  7  8 (SN209)
3,전필,문헌정보학과,,1688001,정보봉사,3,김혜경,수 2  3  4 (SN205)
3,전필,문헌정보학과,,1694001,디지털도서관운영,3,박현주,화 2  3  4 (SN205)
3,전필,문헌정보학과,,1696001,장서관리,3,박현주,화 6  7  8 (SN104)
2,전선,문헌정보학과,,1683001,전공한문강독(2),3,오용섭,화 6  7  8 (SN205)
3,전필,문헌정보학과,,1695001,주제별정보원,3,오용섭,월 2  3  4 (SN209)
2,전선,문헌정보학과,,2820001,전자출판론,3,이문학,금 2  3  4 (SN205)
3,전선,문헌정보학과,,2822001,출판문화사,3,이문학,목 6  7  8 (SN205)
2,전선,문헌정보학과,,1682001,자료분류실습,3,정옥경,목 2  3  4 (SN208)
4,전선,문헌정보학과,,1708001,문헌정보학특강,3,정옥경,화 6  7  8 (SN208)
4,전선,문헌정보학과,,1707001,문헌정보학연구방법론,3,정현태,수 6  7  8 (SN205)
1,전기,문헌정보학과,,1672001,정보기술론,3,조재인,목 5  6  7 (SN208)
2,전필,문헌정보학과,,1680001,도서관정보센터경영,3,조재인,화 3  4 (SN208) 금 6 (SN205)
3,전선,문헌정보학과,,1700001,자료조직연습,3,최정희,목 2  3  4 (SN209)
2,전필,물리학과,,BKB6009001,현대물리학실험,1,강준희,수 5  6 (SF523)
2,전필,물리학과,,BKB6009002,현대물리학실험,1,강준희,금 1  2 (SF523)
3,전필,물리학과,,BKB6020001,전자기학(2),3,강준희,월 2  3 (SF325) 수 2 (SF325)
1,전기,물리학과,,1191001,일반물리학실험(2),1,권명회,화 7  8 (SF109)
4,전선,물리학과,,BKB6029001,고체물리학(2),3,권명회,수 1 (SF325) 금 1  2 (SF326)
1,전기,물리학과,,1188001,일반물리학(2),2,김병훈,수 1  2 (SF335)
1,전기,물리학과,,1188002,일반물리학(2),2,김병훈,월 7  8 (SF335)
2,전선,물리학과,,BKB6010001,일반역학(2),3,김병훈,화 5  6 (SF325) 목 2 (SF325)
3,전선,물리학과,,BKB6021001,양자역학(2),3,김준호,월 6  7 (SF325) 금 2 (SF325)
3,전선,물리학과,,BKB6043001,나노재료분석,3,김준호,화 7 (SF325) 수 7  8 (SF326)
3,전선,물리학과,,BKB6022001,전자물리학(2),3,김진영,목 7  8  9 (SF326)
4,전선,물리학과,,BKB6039001,전자물리실험,1,김진영,목 5  6 (SF522)
2,전선,물리학과,,BKB6011001,현대물리학(2),3,박승룡,월 8 (SF325) 금 5  6 (SF325)
1,전기,물리학과,,1191003,일반물리학실험(2),1,박인호,화 7  8 (SF115)
4,전선,물리학과,,386001,물리논리및논술에관한교육,2,박인호,월 7  8 (SF326)
4,전선,물리학과,,BKB6040001,광전소자학,3,심훈,화 7  8  9 (SF326)
4,전선,물리학과,,BKB6030001,원자핵물리학(2),3,이영희,금 5  6  7 (SF326)
1,전선,물리학과,,BKB6004001,물리학연습,3,장영록,화 1  2 (SF325) 목 1 (SF325)
2,전선,물리학과,,BKB6007001,열및통계물리학(1),3,장영록,수 7  8 (SF325) 목 7 (SF325)
2,전선,물리학과,,BKB6012001,수리물리학(2),3,장영록,월 5  6 (SF326) 수 2 (SF326)
3,전선,물리학과,,BKB6017001,광학(2),3,최수봉,화 5  6 (SF326) 목 6 (SF326)
3,전선,물리학과,,BKB6019001,광학실험,1,최수봉,월 8  9 (SF520)
4,전선,물리학과,,BKB6056001,물리연구프로젝트(2),2,최수봉,월 야간2  야간3 (SF325) 수 0 (SF325) 목 0 (SF325)
1,전기,물리학과,,1191002,일반물리학실험(2),1,함효식,화 8  9 (SF112)
2,전선,물리학과,,BKB6057001,멀티미디어물리학,3,,월 1  2  3 (SF326)
2,전선,법학과,,DA06145001,국제통상법,3,김석호,목 2  3 (SN321) 금 1 (SN321)
3,전선,법학과,,DA06003001,국제거래법,3,김석호,월 2  3 (SN321) 화 3 (SN321)
4,전선,법학과,,DA06150001,국제통상법연습,3,김석호,금 6  7  8 (SN217)
2,전필,법학과,,DA06082001,행정법총론,3,김수진,월 5  6 (SN527) 목 3 (SN322)
2,전필,법학과,,DA06082002,행정법총론,3,김수진,목 9 (SN527) 금 5  6 (SN527)
3,전선,법학과,,DA06124001,지방자치법,3,김수진,월 4 (SN321) 수 1  2 (SN321)
1,전기,법학과,,DA06062001,헌법(1),3,김영진,월 6  7 (SN322) 금 5 (SN322)
1,전기,법학과,,DA06062002,헌법(1),3,김영진,목 1  2 (SN322) 금 6 (SN322)
4,전선,법학과,,DA06064001,헌법연습2,3,김영진,수 7  8  9 (SN217)
2,전선,법학과,,DA06115001,중국법입문,3,김호,화 1  2 (SN321) 수 3 (SN321)
3,전선,법학과,,DA06027001,민사소송법(2),3,김호,월 5  6 (SN321) 수 8 (SN321)
3,전선,법학과,,DA06027002,민사소송법(2),3,김호,화 5  6 (SN321) 수 9 (SN321)
1,전선,법학과,,DA06104001,법정보학,3,남상택,금 2  3  4 (SN322)
3,전선,법학과,,DA06120001,전자거래법,3,남상택,금 7  8  9 (SN321)
4,전선,법학과,,DA06144001,민사소송법연습,3,남승희,월 6  7  8 (SN217)
2,전필,법학과,,DA06005001,국제법(1),3,노영돈,화 5  6 (SN322) 금 7 (SN322)
2,전필,법학과,,DA06005002,국제법(1),3,노영돈,수 5  6 (SN322) 금 8 (SN322)
1,전필,법학과,,DA06068001,형법총론,3,류인모,화 1  2 (SN322) 목 6 (SN322)
4,전선,법학과,,DA06070001,형사법연습2,3,류인모,월 2  3  4 (SN217)
2,전선,법학과,,DA06060002,채권총론,3,맹광호,월 1  2  3 (SN527)
4,전선,법학과,,DA06136001,부동산사법,3,맹광호,수 2  3  4 (SN217)
2,전선,법학과,,DA06074001,회사법,3,문상일,화 3 (SN527) 수 1  2 (SN527)
3,전선,법학과,,DA06036001,보험법,3,문상일,목 3 (SN527) 금 2  3 (SN527)
4,전선,법학과,,DA06046001,상사법연습2,3,문상일,목 7  8  9 (SN217)
3,전필,법학과,,DA06071001,형사소송법,3,백원기,화 1  2 (SN527) 수 3 (SN527)
3,전필,법학과,,DA06071002,형사소송법,3,백원기,목 1  2 (SN527) 금 4 (SN527)
3,전선,법학과,,DA06100001,형사특별법,3,백원기,수 5  6 (SN321) 목 6 (SN321)
4,전선,법학과,,DA06135001,의료법,3,백원기,화 5  6 (SN217) 금 1 (SN217)
3,전선,법학과,,DA06126001,기업법,3,손봉현,목 7  8  9 (SN321)
4,전선,법학과,,DA06001001,경제법,3,손봉현,목 2  3  4 (SN217)
1,전필,법학과,,DA06068002,형법총론,3,오정환,수 2  3  4 (SN322)
2,전선,법학과,,DA06060001,채권총론,3,이충훈,수 7  8 (SN527) 목 6 (SN527)
1,전필,법학과,,DA06016001,물권법,3,진도왕,월 1 (SN322) 수 8  9 (SN322)
1,전필,법학과,,DA06016002,물권법,3,진도왕,월 2 (SN322) 목 7  8 (SN322)
3,전선,법학과,,DA06057001,친족법,3,진도왕,수 7 (SN321) 금 5  6 (SN321)
3,전선,법학과,,DA06097001,법학특강(2),3,,월 7  8  9 (SN321)
1,전필,불어불문학과,,AIF6150001,프랑스어듣기와말하기(2),3,김용민,월 5  6 (SP501) 목 3 (SP501)
2,전필,불어불문학과,,AIF6154001,프랑스문학입문,3,김용민,화 3 (SP501) 금 6  7 (SP501)
2,전선,불어불문학과,,AIF6041001,프랑스문화산책,3,김종서,화 4  5 (SP501) 목 6 (SP501)
3,전선,불어불문학과,,AIF6053001,유럽지역학,3,김종서,화 6 (SP101) 목 4  5 (SP501)
1,전기,불어불문학과,,AIF6143001,기초프랑스어(2),3,박정준,화 1  2 (SP501) 금 1  2 (SP501)
2,전선,불어불문학과,,AIF6013001,초급프랑스어작문(2),3,박정준,화 7  8 (SP101) 목 7 (SP501)
3,전선,불어불문학과,,AIF6156001,프랑스어문장분석,3,박정준,수 2  3 (SP501) 금 6 (SP119)
2,전선,불어불문학과,,AIF6010001,프랑스어문장강독(2),3,오은하,수 2  3 (SP101) 금 2 (SP101)
3,전선,불어불문학과,,AIF6011001,프랑스소설(2),3,오은하,월 2  3 (SP306) 금 3 (SP501)
4,전선,불어불문학과,,AIF6050001,프랑스문학산책,3,오은하,화 2 (SP101) 금 6  7 (SP306)
2,전선,불어불문학과,,AIF6015001,프랑스언어와생활(2),3,이영석,월 2  3 (SP501) 목 2  3 (SP119)
4,전선,불어불문학과,,AIF6159001,프랑스공연예술의이해,3,이영석,화 6  7 (SP501) 금 3 (SP306)
1,전선,불어불문학과,,AIF6145001,기초프랑스어회화(2),3,조안블롱도,화 5  6 (SP306) 금 6 (SP101)
1,전선,불어불문학과,,AIF6145002,기초프랑스어회화(2),3,조안블롱도,목 4  5 (SP119) 금 7 (SP101)
2,전선,불어불문학과,,AIF6014001,프랑스어회화(2),3,조안블롱도,월 5  6 (SP306) 금 3 (SP101)
3,전선,불어불문학과,,AIF6030001,중급프랑스어회화(2),3,조안블롱도,월 7 (SP501) 수 5  6 (SP501)
3,전선,불어불문학과,,AIF6157001,중급프랑스어(2),3,조혜란,화 3  4  5 (SP101)
2,전선,사회복지학과,,CGB6018001,노인복지론,3,곽민영,월 6  7  8 (SN106)
2,전선,사회복지학과,,CGB6001001,사회복지윤리와철학,3,권정호,화 7  8 (SN106) 금 2 (SN103)
4,전선,사회복지학과,윤리학전공,1404001,다문화윤리,3,김시천,금 1  2  3 (NC306)
2,전필,사회복지학과,,CGB6017001,사회복지실천기술론,3,김혜미,목 7  8 (SN107) 금 3 (SN103)
3,전필,사회복지학과,,CGB6024001,사회복지현장실습,3,김혜미,월 4  5 (SN103) 금 0 (SN103)
1,전선,사회복지학과,,CGB6002001,사회복지발달사,3,남석훈,수 6  7  8 (SN106)
3,전선,사회복지학과,,1411001,학교사회복지론,3,배은경,수 3  4  5 (SN103)
4,전선,사회복지학과,사회복지학전공,CGB6040001,사례관리론,3,배은경,수 7  8  9 (SN103)
2,전선,사회복지학과,,CGB6009001,청소년복지론,3,신나래,화 2  3  4 (SN103)
3,전선,사회복지학과,,CGB6039001,가족정책론,3,신나래,화 6  7  8 (SN103)
4,전선,사회복지학과,윤리학전공,CGA6153001,현대중국의철학과윤리,3,신진식,수 7 (NC211) 금 4  5 (NC306)
4,전선,사회복지학과,윤리학전공,CGA6139001,비교사상의이해,3,윤찬원,수 8  9 (NC211) 목 1 (NC211)
1,전선,사회복지학과,,CGB6010001,사회보장론,3,이영수,월 2  3 (SN103) 목 5 (SN103)
3,전필,사회복지학과,,CGB6022001,사회복지정책론,3,이영수,화 1 (SN103) 목 1  2 (SN103)
1,전기,사회복지학과,,CGA6115001,인간행동과사회환경,3,이윤희,월 7  8 (SN107) 금 1 (SN103)
2,전필,사회복지학과,,CGB6011001,지역사회복지론,3,전은수,수 7  8  9 (SN107)
2,전선,사회복지학과,,CGB6020001,사회복지자료분석론,3,정선영,월 9 (SN209) 수 1  2 (SN209)
4,전선,사회복지학과,사회복지학전공,CGB6030001,사회복지세미나,3,정선영,월 7  8 (SN104) 수 6 (SN103)
3,전선,사회복지학과,,CGB6019001,정신보건사회복지론,3,천덕희,월 7  8  9 (SN103)
3,전선,사회복지학과,윤리학전공,2725001,도덕윤리논리및논술에관한교육,2,최순옥,수 2  3 (NC211)
1,기과,산업경영공학과,,103017,물리실험(2),1,권명회,목 1  2 (SF114)
1,기과,산업경영공학과,,102008,물리(2),3,김두환,금 6  7  8 (SI502)
3,전선,산업경영공학과,,KA06118001,마케팅,3,김병수,화 3 (SI483) 금 1  2 (SI483)
4,전선,산업경영공학과,,2686001,금융공학개론,3,김병수,월 6  7 (SI502) 수 4 (SI502)
2,전기,산업경영공학과,,EPG7026001,확률및통계(2),3,김연수,월 1 (SI483) 화 6  7 (SI483)
3,전선,산업경영공학과,,428001,데이터베이스및응용,3,김연수,월 4 (SI401) 목 2  3 (SI401)
2,전선,산업경영공학과,,EPG7010001,인터넷응용,3,김재곤,월 2 (SI401) 수 1  2 (SI401)
4,전선,산업경영공학과,,430001,시스템종합설계(2),2,김재곤,화 6  7 (SI478)
3,전선,산업경영공학과,,EPG6047001,신뢰성공학,3,김정희,금 7  8  9 (SI338)
2,전선,산업경영공학과,,2685001,제품개발공학,3,김철홍,화 1  2 (SI483) 수 5 (SI483)
1,전기,산업경영공학과,,104008,미분방정식,3,남혜원,화 6  7  8 (SI502)
4,전선,산업경영공학과,,EPG7005001,공급망관리,3,남호기,화 1 (SI502) 금 1  2 (SI502)
4,전선,산업경영공학과,,EPG7016001,기업과안전,3,문명국,금 6  7  8 (SI385)
3,교선,산업경영공학과,,XAA2027006,공학과경영,3,박영규,목 6  7  8 (SI502)
1,기과,산업경영공학과,,103019,물리실험(2),1,박인호,금 1  2 (SF109)
2,전선,산업경영공학과,,EPG6107001,품질경영,3,박형근,금 6  7  8 (SI483)
4,전선,산업경영공학과,,EPG7024001,기업진단및컨설팅,3,신현재,월 8 (SI502) 화 2  3 (SI502)
3,전선,산업경영공학과,,EPG7009001,가치분석,3,엄기수,수 6  7  8 (SI483)
2,전필,산업경영공학과,,EPG6100001,제조공학,3,유우식,수 3 (SI483) 목 6  7 (SI483)
1,전선,산업경영공학과,,EP01004011,컴퓨터프로그래밍,3,임석진,월 6  7  8 (SC104)
4,전선,산업경영공학과,,EPG7020001,산업컴퓨터응용,3,장경열,수 6  7  8 (SI401)
2,전선,산업경영공학과,,EPG6101001,선형계획법,3,장석화,월 6  7 (SI503) 화 8 (SI483)
3,전선,산업경영공학과,,EPG7002001,물류관리,3,장석화,수 1  2 (SI483) 목 4 (SI502)
3,전선,산업경영공학과,,EPG6048001,실험계획법,3,정영배,월 6  7 (SI483) 금 5 (SI502)
1,기과,산업경영공학과,,103018,물리실험(2),1,정태봉,목 1  2 (SF115)
1,교선,산업경영공학과,,XAA8063003,인간관계와리더십,2,정혜영,월 4  5 (SI502)
1,기과,산업경영공학과,,XAA1493008,대학화학,3,황성규,수 6  7  8 (SI502)
3,전선,산업경영공학과(야),,KA06118002,마케팅,3,김병수,금 야간1  야간2  야간3 (SI483)
4,전선,산업경영공학과(야),,2686002,금융공학개론,3,김병수,월 야간1  야간2  야간3 (SI502)
2,전기,산업경영공학과(야),,EPG7026002,확률및통계(2),3,김연수,화 야간2  야간3  야간4 (SI483)
3,전선,산업경영공학과(야),,428002,데이터베이스및응용,3,김연수,목 야간1  야간2  야간3 (SI401)
2,전선,산업경영공학과(야),,EPG7010002,인터넷응용,3,김재곤,수 야간3  야간4  야간5 (SI401)
3,전선,산업경영공학과(야),,EPG6047002,신뢰성공학,3,김정희,월 야간4 (SI483) 금 4  5 (SI483)
2,전선,산업경영공학과(야),,2685002,제품개발공학,3,김철홍,월 야간1  야간2 (SI583) 화 야간1 (SI483)
1,전기,산업경영공학과(야),,104009,미분방정식,3,남혜원,금 야간1  야간2  야간3 (SI385)
4,전선,산업경영공학과(야),,EPG7005002,공급망관리,3,남호기,금 야간1  야간2  야간3 (SI502)
4,전선,산업경영공학과(야),,EPG7016002,기업과안전,3,문명국,수 야간4 (SI502) 금 야간4  야간5 (SI502)
3,교선,산업경영공학과(야),,XAA2027007,공학과경영,3,박영규,화 야간4  야간5 (SI385) 목 야간5 (SI483)
2,전선,산업경영공학과(야),,EPG6107002,품질경영,3,박형근,금 야간1  야간2  야간3 (SI416)
4,전선,산업경영공학과(야),,EPG7024002,기업진단및컨설팅,3,신현재,화 야간1  야간2  야간3 (SI502)
1,기과,산업경영공학과(야),,102009,물리(2),3,심훈,화 야간2  야간3  야간4 (SI503)
3,전선,산업경영공학과(야),,EPG7009002,가치분석,3,엄기수,수 야간4  야간5 (SI483) 목 야간4 (SI483)
2,전필,산업경영공학과(야),,EPG6100002,제조공학,3,유우식,목 야간1  야간2  야간3 (SI483)
1,전선,산업경영공학과(야),,EP01004012,컴퓨터프로그래밍,3,임석진,월 야간3  야간4  야간5 (SC104)
4,전선,산업경영공학과(야),,EPG7020002,산업컴퓨터응용,3,장경열,수 야간1  야간2  야간3 (SI402)
2,전선,산업경영공학과(야),,EPG6101002,선형계획법,3,장석화,월 야간3  야간4  야간5 (SI503)
3,전선,산업경영공학과(야),,EPG7002002,물류관리,3,장석화,수 야간1  야간2  야간3 (SI483)
1,기과,산업경영공학과(야),,103021,물리실험(2),1,장주억,목 야간3  야간4 (SF114)
3,전선,산업경영공학과(야),,EPG6048002,실험계획법,3,정영배,화 야간1  야간2  야간3 (SI385)
1,기과,산업경영공학과(야),,103020,물리실험(2),1,정태봉,목 야간3  야간4 (SF112)
1,교선,산업경영공학과(야),,XAA8063004,인간관계와리더십,2,정혜영,월 야간1  야간2 (SI385)
1,기과,산업경영공학과(야),,XAA1493009,대학화학,3,황성규,수 야간1  야간2  야간3 (SI502)
3,전선,생명과학부,분자의생명전공,1647001,고급분자생물학,3,강하라,월 5  6 (SF405) 목 4 (SF405)
4,전선,생명과학부,분자의생명전공,1653001,유전공학,3,강하라,수 2  3 (SF405) 금 4 (SF405)
1,전기,생명과학부,,1192008,일반화학실험(2),1,김규원,월 1  2 (SF504)
1,전기,생명과학부,,1193006,일반생물학실험(2),1,김길원,월 3  4 (SF203)
1,전기,생명과학부,,1193007,일반생물학실험(2),1,김길원,화 1  2 (SF204)
1,전기,생명과학부,,1193008,일반생물학실험(2),1,김길원,금 5  6 (SF204)
4,전선,생명과학부,생명과학전공,BKD6053001,미생물학연구방법,3,김길원,월 1  2 (SF202) 화 6  7 (SF405)
2,전필,생명과학부,생명공학전공,1630002,생화학및실험,3,김윤정,월 5  6 (SF406) 7  8 (SF203)
3,전선,생명과학부,,BD06059001,유전학,3,김재광,월 2  3 (SF406) 금 6 (SF406)
4,전선,생명과학부,생명과학전공,BKD6032001,유전체학,3,김재광,수 6  7 (SF406) 금 5 (SF406)
4,전선,생명과학부,분자의생명전공,1660001,생물정보학,3,김재광,목 7  8 (SF405) 금 3 (SF405)
1,전선,생명과학부,,1195001,생명공학개론,3,김정완,화 4 (SF335) 수 2  3 (SM101)
2,전선,생명과학부,생명공학전공,BKD6018001,유전학및실험,3,김정완,수 8  9 (SF204) 금 3  4 (SF420)
4,전필,생명과학부,생명공학전공,4185001,생명공학논문실험,3,김정완,화 8  9 (SF205) 목 2  3 (SF108)
2,전선,생명과학부,생명과학전공,BKD6045001,자원동물학및실험,3,배양섭,화 1  2 (SF405) 목 7  8 (SF202)
3,전선,생명과학부,생명과학전공,1651001,진화생물학,3,배양섭,수 4 (SF406) 목 2  3 (SF405)
4,전선,생명과학부,생명과학전공,BKD6054001,동물분류생태학연구방법,3,배양섭,화 8  9 (SF405) 수 1  2 (SF202)
2,전필,생명과학부,나노바이오전공,3797001,전기전자물성학,3,배철훈,월 7  8 (SI272) 화 7 (SI272)
2,전필,생명과학부,나노바이오전공,3798001,나노기초실험2,1,배철훈,금 3  4 (SI560)
2,전필,생명과학부,나노바이오전공,3798002,나노기초실험2,1,배철훈,금 5  6 (SI560)
3,전필,생명과학부,나노바이오전공,1795001,물성시험및평가,3,배철훈,화 5  6 (SI272) 수 3 (SI226)
4,전선,생명과학부,나노바이오전공,3417002,센서공학,3,배철훈,월 9 (SI272) 수 1  2 (SI226)
3,전선,생명과학부,생명공학전공,BKD6016001,응용미생물학및실험,3,서명지,화 5  6 (SF336) 수 6  7 (SF204)
4,전선,생명과학부,생명공학전공,BKD6032002,유전체학,3,서명지,월 4 (SF108) 수 2  3 (SF108)
2,전선,생명과학부,나노바이오전공,1802002,바이오소재공학,3,심민석,수 1  2 (SI272) 금 2 (SJ224)
3,전필,생명과학부,나노바이오전공,3799001,나노바이오실험2,1,심민석,목 1  2 (SF203)
4,전선,생명과학부,나노바이오전공,1813001,나노바이오융합특론,3,심민석,목 3 (SI226) 금 5  6 (SI272)
1,전선,생명과학부,,2300001,인체생명과학,3,안순길,화 7 (SF335) 금 2  3 (SF335)
2,전선,생명과학부,분자의생명전공,1623001,유기화학(2),3,안순길,월 9 (SF405) 화 2  3 (SF406)
2,전선,생명과학부,분자의생명전공,1632001,분석화학및실험,3,안순길,목 5  6 (SF405) 금 6  7 (SF203)
4,전선,생명과학부,분자의생명전공,1663001,기초의학-논문실험,3,안순길,월 7  8 (SF405) 목 1  2 (SF202)
3,전필,생명과학부,,2601001,동물생리학및실험,3,예정용,수 7  8 (SF203) 목 8  9 (SF406)
3,전선,생명과학부,,1640001,바이러스학,3,예정용,화 4 (SF406) 금 2  3 (SF406)
3,전선,생명과학부,생명과학전공,1652001,비교해부학실험,3,예정용,월 8  9 (SF406) 수 5  6 (SF203)
1,전선,생명과학부,,1788001,나노공학개론,3,윤기병,화 1  2 (SI272) 목 9 (SI272)
2,전선,생명과학부,나노바이오전공,2342001,상평형학,3,윤기병,월 3 (SI272) 수 6  7 (SI272)
3,전선,생명과학부,나노바이오전공,1807001,나노탄소재료,3,윤기병,수 8 (SI272) 목 5  6 (SI272)
1,전기,생명과학부,,1190003,일반생물학(2),2,이경림,수 5  6 (SF335)
1,전기,생명과학부,,1193009,일반생물학실험(2),1,이경림,화 4  5 (SF204)
1,전기,생명과학부,,1193010,일반생물학실험(2),1,이경림,화 8  9 (SF203)
1,전기,생명과학부,,1193011,일반생물학실험(2),1,이경림,화 6  7 (SF204)
,전선,생명과학부,,2600001,면역학,3,이미가엘,월 4 (SF406) 목 5  6 (SF406)
2,전선,생명과학부,,1630001,생화학및실험,3,이미가엘,화 5  6 (SF203) 수 2  3 (SF406)
1,전기,생명과학부,,1180002,수학(2),3,이미혜,목 1  2  3 (SF336)
2,전선,생명과학부,생명과학전공,1635001,야외실습,3,이상철,금 5  6 (SF108) 7  8 (SF205)
2,전필,생명과학부,나노바이오전공,BAC6020001,생화학(2),3,이승호,수 4  5 (SI272) 목 3 (SI272)
3,전선,생명과학부,나노바이오전공,4178001,세포생물학2,3,이승호,목 4 (SI272) 금 1  2 (SI272)
2,전필,생명과학부,생명공학전공,1631001,생물화학공학,3,이원종,월 3 (SF405) 수 5  6 (SF405)
3,전선,생명과학부,생명공학전공,1650001,단백질공학,3,이원종,화 3 (SF405) 수 2  3 (SF336)
1,전선,생명과학부,,1194001,환경생물학,3,이태수,화 5  6 (SF335) 금 1 (SF335)
3,전선,생명과학부,생명공학전공,1664001,생물공정공학,3,이호중,목 7  8  9 (SF527)
1,전기,생명과학부,,1190002,일반생물학(2),3,임경환,목 1 (SF335) 금 5  6 (SF335)
1,전기,생명과학부,,1193003,일반생물학실험(2),1,임경환,월 2  3 (SF204)
1,전기,생명과학부,,1193004,일반생물학실험(2),1,임경환,월 8  9 (SF204)
1,전기,생명과학부,,1193005,일반생물학실험(2),1,임경환,화 8  9 (SF204)
4,전선,생명과학부,생명과학전공,BKD6052001,식물학연구방법,3,임경환,화 1  2 (SF202) 금 7  8 (SF108)
4,전선,생명과학부,생명공학전공,4186001,신약개발개론,3,임상민,금 7  8  9 (SF102)
1,전기,생명과학부,,1180001,수학(2),3,정유정,목 1  2  3 (SF406)
4,전선,생명과학부,생명공학전공,1666001,식품위생안전공학,3,조은아,목 5  6  7 (SF108)
1,전기,생명과학부,,1192010,일반화학실험(2),1,조한국,금 4  5 (SF504)
1,전기,생명과학부,,1192011,일반화학실험(2),1,조한국,금 6  7 (SF504)
1,전기,생명과학부,,1192009,일반화학실험(2),1,최은미,월 3  4 (SF504)
1,전기,생명과학부,,1189005,일반화학(2),2,한봉환,목 5  6 (SF336)
1,전기,생명과학부,,1189006,일반화학(2),2,한봉환,목 7  8 (SF336)
3,전선,생명과학부,생명공학전공,1648002,환경생물공학,3,한상윤,금 7  8  9 (SF405)
2,전선,생명과학부,,BKD6004001,생물통계학,3,한태준,수 5  6 (SF527) 목 3 (SF527)
1,전기,세무회계학과,,JA06047006,경제학원론,3,금중갑,수 1  2  3 (SH504)
4,전선,세무회계학과,,1575001,재무회계세미나,3,김진환,수 6  7  8 (SO219)
1,전선,세무회계학과,,3451001,회계원리연습,3,문진주,금 1  2  3 (SO203)
2,전필,세무회계학과,,1540001,법인세법(1),3,문진주,금 5  6  7 (SO103)
2,전선,세무회계학과,,1545001,중급재무회계(2),3,송충석,화 1  2  3 (SO508)
2,전필,세무회계학과,,1548001,재무관리,3,이상재,화 6  7  8 (SH314)
3,전선,세무회계학과,,1560001,특수재무회계,3,이창현,수 5  6  7 (SO103)
3,전선,세무회계학과,,1565001,재산세제법,3,임성균,수 1  2  3 (SM407)
1,전필,세무회계학과,,1293001,세법총론,3,정유석,화 4  5  6 (SN107)
2,전선,세무회계학과,,1549001,소비세제법,3,정유석,월 2  3  4 (SO508)
2,전선,세무회계학과,,1547001,관리회계,3,조중래,수 4  5  6 (SO508)
3,전선,세무회계학과,,1559001,회계정보시스템,3,조환석,화 1  2  3 (SO309)
4,전선,세무회계학과,,1580001,법인세법세미나,3,채성일,수 2  3  4 (SH314)
1,전기,세무회계학과,,1542001,경영통계학,3,홍진영,금 6  7  8 (SN107)
3,전선,소비자.아동학과,,BLC6056001,가계위험관리와보험설계,3,김민정,수 4  5  6 (SF524)
2,전선,소비자.아동학과,,BLC6042001,소비자법과정책,3,박배진,월 4  5  6 (SF525)
4,전선,소비자.아동학과,,BLC6058001,소비자교육,3,박배진,월 7  8  9 (SF525)
3,전선,소비자.아동학과,,2731001,은퇴설계,3,박선욱,목 4  5  6 (SF525)
3,전필,소비자.아동학과,,BLC6034001,인간발달,3,박주은,화 4  5  6 (SF524)
4,전선,소비자.아동학과,,BLC6089001,소비자와정보,3,윤덕환,수 5  6  7 (SF425)
2,전필,소비자.아동학과,,BLC6012001,소비자의사결정론,3,이영애,화 1  2 (SF524) 수 1 (SF524)
3,전선,소비자.아동학과,,BLC6028001,소비자상담,3,이영애,화 3 (SF524) 수 2  3 (SF524)
4,전선,소비자.아동학과,,BLC6065001,논문지도및실습,3,이영애,목 1  2  3 (SF418) 금 1 (SF418)
3,전선,소비자.아동학과,,395001,가정교과교육론,3,이영자,금 2  3  4 (SF525)
2,전선,소비자.아동학과,,BLC6066001,보육과정,3,이옥임,수 4  5  6 (SF424)
3,전선,소비자.아동학과,,2729001,보육교사론,3,이옥임,수 7  8  9 (SF424)
2,전필,소비자.아동학과,,BLC6045001,가계재무설계,3,장연주,월 1  2  3 (SF524)
4,전선,소비자.아동학과,,143002,생활관리세미나(2),3,장영애,월 2  3 (SF423) 화 7  8 (SF423)
4,전선,소비자.아동학과,,BLC6064001,보육실습,3,장영애,목 5  6  7  8 (SF423)
1,전선,소비자.아동학과,,BLC6046001,보육학개론,3,정윤주,월 1  2 (SF424) 목 2 (SF424)
2,전선,소비자.아동학과,,2735001,아동건강교육,3,정윤주,화 6 (SF424) 목 6  7 (SF424)
4,전선,소비자.아동학과,,BLC6055001,정신건강,3,정윤주,화 3 (SF424) 수 2  3 (SF424)
1,전기,소비자.아동학과,,BB06001001,주거학,3,최재순,월 7  8 (SF524) 목 9 (SF524)
4,전선,소비자.아동학과,,143001,생활관리세미나(2),3,최재순,화 7  8 (SF425) 수 8  9 (SF425)
2,전선,소비자.아동학과,,2727001,언어지도,3,황소영,금 1  2  3  4 (SF424)
3,전선,소비자.아동학과,,BLC6086001,아동미술,3,황소영,금 5  6  7  8 (SF424)
1,전선,소비자.아동학과,,BLC6081001,소비자와유통,3,,목 6  7  8 (SF524)
1,전기,수학과,,344002,수학(2),3,김인현,월 5  6 (SF309) 목 6 (SF309)
3,전선,수학과,,380001,복소수해석학(2),3,김인현,월 3 (SF308) 화 8 (SF308) 목 3 (SF308)
4,전선,수학과,,BKA6029001,해석학특론,3,김인현,수 2  3 (SF308) 목 5 (SF308)
1,전선,수학과,,BKA6055001,컴퓨터언어및실습,3,노유미,월 7  8 (SF105) 수 7 (SF105)
2,전선,수학과,,1393001,조합및그래프이론,3,노유미,화 7 (SF104) 수 5  6 (SF104)
3,전필,수학과,,BIA6016001,미분기하학(2),3,신안숙,수 2  3  4 (SF102)
2,전필,수학과,,BKA6008001,해석학(2),3,양미혜,월 2 (SF103) 수 2 (SF103) 목 1 (SF103)
4,전선,수학과,,BAA6025001,위상수학(2),3,양미혜,월 1 (SF103) 수 1 (SF103) 목 2 (SF103)
1,전기,수학과,,344004,수학(2),3,이미혜,월 5  6 (SF103) 목 6 (SF103)
3,전선,수학과,,BKA6020001,현대대수학(2),3,장규환,화 3 (SF102) 목 1 (SF102) 금 3 (SF102)
1,전기,수학과,,344003,수학(2),3,정유정,월 5  6 (SF102) 목 6 (SF102)
2,전선,수학과,,BKA6003001,미분방정식,3,최원,월 7 (SF309) 목 2  3 (SF309)
3,전선,수학과,,BKA6015001,수리통계학(2),3,최원,월 5 (SF308) 화 2 (SF308) 목 6 (SF308)
1,전기,수학과,,344001,수학(2),3,함남우,월 5  6 (SF104) 목 6 (SF104)
2,전선,수학과,,2318001,선형대수학(2),3,함남우,화 2  3 (SF104) 목 5 (SF104)
4,전선,수학과,,383001,수학논리및논술에관한교육,2,함남우,금 2  3 (SF308)
1,전기,수학교육과,,3539001,미분적분학2,3,강신덕,월 1  2 (NC312) 화 4 (NC312)
3,전선,수학교육과,,3678001,현대대수학2,3,강신덕,월 4 (NC312) 화 1  2 (NC312)
1,전선,수학교육과,,3540001,선형대수학2,3,김미미,화 1  2  3 (NC207)
2,전선,수학교육과,,3547001,정수론,3,김미정,화 6  7  8 (NC312)
1,전선,수학교육과,,3546001,수학교육과컴퓨터,3,김태길,금 1  2  3 (NC316)
2,전필,수학교육과,,3545001,확률및통계1,3,오혜영,월 4 (NC115) 수 2  3 (NC115)
2,전선,수학교육과,,3548001,해석학응용,3,오혜영,월 2  3 (NC115) 수 4 (NC115)
3,전선,수학교육과,,3679001,복소해석학2,3,오혜영,화 4  5 (NC115) 수 1 (NC115)
2,전선,수학교육과,,3544001,기하학일반,3,이지현,화 2  3 (NC307) 수 1 (NC312)
3,전필,수학교육과,,3675001,수학교과교재연구및지도법,3,이지현,수 6  7 (NC308) 목 4 (NC308)
3,전선,수학교육과,,3677001,위상수학2,3,이지현,수 5 (NC115) 목 2  3 (NC115)
3,전필,수학교육과,,3676001,미분기하학,3,정찬석,금 5  6  7 (NC312)
2,전선,신문방송학과,,CFD6095001,디지털영상제작(1),3,김도현,금 6  7  8 (SN308)
4,전선,신문방송학과,,CFD6067001,광고와현대사회,3,김수정,화 5  6  7 (SN206)
4,전선,신문방송학과,,CFD6105001,매스컴세미나(2),3,김영환,금 6  7  8 (SN206)
1,전필,신문방송학과,,CFD6087001,휴먼커뮤니케이션,3,김은이,화 1  2 (SN207) 수 5 (SN207)
2,전필,신문방송학과,,CFD6032001,매스컴이론,3,김은이,목 1  2 (SN207) 금 5 (SN207)
3,전선,신문방송학과,,CFD6111001,미디어사회학,3,김은이,수 1  2 (SN206) 금 4 (SN206)
1,전선,신문방송학과,,CFD6056001,매스컴영어기초,3,노보경,금 1  2  3 (SN207)
2,전선,신문방송학과,,CFD6106001,방송저널리즘,3,반현,화 1  2 (SN206) 목 3 (SN207)
3,전선,신문방송학과,,CFD6016001,조사분석통계이론,3,반현,화 6  7 (SN209) 목 9 (SN209)
4,전선,신문방송학과,,CFD6103001,인터넷저널리즘실습,3,반현,월 1 (SN104) 금 2  3 (SN104)
3,전선,신문방송학과,,CFD6029001,광고케이스스터디,3,신명희,수 6  7  8 (SN104)
3,전선,신문방송학과,,CFD6097001,기사작성실습(2),3,이봉현,금 1  2  3 (SN206)
2,전선,신문방송학과,,CFD6075001,인터넷마케팅커뮤니케이션,3,장성준,수 7  8  9 (SN206)
1,전기,신문방송학과,,CF07012001,미디어의이해,3,전영우,월 2  3 (SN207) 목 4 (SN207)
2,전선,신문방송학과,,CFD6002001,광고원론,3,전영우,월 6  7 (SN206) 수 3 (SN206)
4,전선,신문방송학과,,CFD6112001,홍보세미나,3,,목 5  6  7 (SN104)
2,전선,신소재공학과,,EQA6113001,세라믹재료,3,김배연,화 1  2 (SI503) 수 3 (SI503)
3,전선,신소재공학과,,EQA6117001,세라믹물성,3,김배연,월 1  2 (SI385) 목 2 (SI385)
4,전선,신소재공학과,,EQA6025001,비정질재료,3,김배연,수 1  2 (SI385) 목 3 (SI385)
1,전선,신소재공학과,,EH06049001,재료공학개론,3,김정곤,월 3 (SI503) 금 2  3 (SI503)
2,전선,신소재공학과,,EQA6076001,비철재료,3,김정곤,월 1  2 (SI503) 화 3 (SI503)
4,전필,신소재공학과,,23001,신소재공학실험(6),1,김정곤,화 1  2 (SI383)
4,전필,신소재공학과,,23002,신소재공학실험(6),1,김정곤,목 1  2 (SI383)
2,전선,신소재공학과,,EQA6068001,금속재료,3,김정석,금 5  6  7 (SI503)
3,전선,신소재공학과,,431001,고급공학작문및발표,3,김정석,금 1  2  3 (SI385)
1,전기,신소재공학과,,2401001,물리(2),3,김진영,화 6  7  8 (SI503)
1,전기,신소재공학과,,2402001,대학화학,3,김희은,목 6  7  8 (SI503)
1,전필,신소재공학과,,2397001,재료기초실험,1,박재윤,화 3  4 (SI201)
1,전필,신소재공학과,,2397002,재료기초실험,1,박재윤,수 5  6 (SI201)
1,전필,신소재공학과,,2397003,재료기초실험,1,박재윤,목 1  2 (SI201)
2,전필,신소재공학과,,19001,신소재공학실험(2),1,박재윤,화 6  7 (SI201)
2,전필,신소재공학과,,19002,신소재공학실험(2),1,박재윤,목 5  6 (SI201)
1,전기,신소재공학과,,2400001,미분방정식,3,양미혜,화 1  2 (SF103) 목 3 (SF103)
2,전선,신소재공학과,,EQA6116001,반도체소자공학,3,이상희,수 5  6  7 (SI503)
2,전선,신소재공학과,,EQA6058001,재료물리화학(2),3,이성민,월 4 (SI503) 목 2  3 (SI503)
3,전선,신소재공학과,,ED06089001,재료역학,3,이성민,화 3  4 (SI385) 금 4 (SI385)
4,전선,신소재공학과,,EQA6123001,반도체조립,3,이성민,월 5  6 (SI385) 금 5 (SI385)
2,전선,신소재공학과,,4220001,재료와환경,3,이한보람,화 5 (SI503) 수 1  2 (SI503)
3,전필,신소재공학과,,21001,신소재공학실험(4),1,이한보람,목 7  8 (SI302)
3,전필,신소재공학과,,21002,신소재공학실험(4),1,이한보람,금 5  6 (SI302)
3,전선,신소재공학과,,EQA6157001,나노공정,3,이한보람,수 5  6 (SI385) 목 1 (SI385)
4,전선,신소재공학과,,4219001,나노측정기기학,3,이한보람,화 6 (SI385) 목 5  6 (SI385)
3,전선,신소재공학과,,4221001,희소금속재료,3,임경묵,수 7  8  9 (SI385)
3,전선,안전공학과,,EQB6043001,제어계측공학,3,김규정,금 6  7  8 (SI534)
2,전선,안전공학과,,EQB6025001,시스템안전공학,3,김성중,화 5 (SI534) 목 7  8 (SI338)
3,전필,안전공학과,,EQB6030001,원자력안전공학,3,김성중,월 2  3 (SI534) 금 5 (SI534)
4,전선,안전공학과,,EQB6150001,환경오염방지시설관리,3,김성중,화 2  3 (SI338) 목 2 (SI338)
3,전선,안전공학과,,EQB6083001,철근콘크리트공학,3,김치경,월 5  6  7 (SI338)
3,전선,안전공학과,,EQB6021001,산업안전법규,3,나완수,수 7  8  9 (SI534)
2,전선,안전공학과,,EQB6046001,환경안전공학,3,송창근,월 2 (SI338) 수 2  3 (SI534)
4,전선,안전공학과,,435001,안전성평가,3,송창근,화 5 (SI338) 금 5  6 (SI338)
2,전선,안전공학과,,EA06048001,열역학,3,심규형,화 6  7  8 (SI534)
1,전기,안전공학과,,2396001,대학화학,3,오세영,목 5  6  7 (SI534)
2,전선,안전공학과,,EPD6072001,토질역학,3,오태근,화 1  2 (SI534) 목 3 (SI534)
4,전선,안전공학과,,4224001,건설시공학,3,오태근,월 8  9 (SI338) 수 2 (SI338)
3,전선,안전공학과,,EJ06103001,방화방폭공학,3,우인성,화 3 (SI534) 목 5  6 (SI338)
3,전선,안전공학과,,EQB6105001,화학안전실험,1,우인성,수 2  3 (SI225)
4,전선,안전공학과,,EQB6107001,폐수처리공학,3,우인성,월 5  6 (SI534) 목 3 (SI338)
3,전선,안전공학과,,EQB6093001,기계안전실험,1,이동호,목 7  8 (SI340)
3,전선,안전공학과,,EQB6124001,화재전산역학,3,이동호,화 4 (SI335) 금 2  3 (SI335)
4,전선,안전공학과,,EQB6139001,현장교육실습(5),9,이동호,월 1  2  3  4  5  6  7  8  9 (ZZ102) 화 1  2  3  4  5  6  7  8  9 (ZZ102) 수 1  2  3  4  5  6  7  8  9 (ZZ102) 목 1  2  3  4  5  6  7  8  9 (ZZ102) 금 1  2  3  4  5  6  7  8  9 (ZZ102)
4,전선,안전공학과,,EQB6149001,방재공학,3,이동호,수 5  6 (SI335) 목 4 (SI335)
2,전선,안전공학과,,EJ06031001,유체역학,3,이중희,월 7  8  9 (SI534)
1,전선,안전공학과,,EP01004013,컴퓨터프로그래밍,3,임석진,화 1  2  3 (SC104)
2,전필,안전공학과,,EI06054001,회로이론,3,황명환,월 4 (SI534) 목 1  2 (SI534)
2,전선,안전공학과,,EQB6102001,전기안전실험,1,황명환,월 5  6 (SI228)
4,전선,안전공학과,,EQB6072001,고전압공학,3,황명환,화 6 (SI338) 금 2  3 (SI338)
1,전기,에너지화학공학과,,2394001,미분방정식,3,강오진,월 6  7  8 (SJ225)
2,전필,에너지화학공학과,,1211001,에너지화공기초실험,2,권오중,월 6  7  8  9 (SI572)
2,전필,에너지화학공학과,,1211002,에너지화공기초실험,2,권오중,수 6  7  8  9 (SI572)
2,전선,에너지화학공학과,,1213001,물리화학 2,3,권오중,화 5 (SJ225) 목 6  7 (SJ225)
3,전필,에너지화학공학과,,1223001,전기화학,3,권오중,월 5 (SJ225) 목 4  5 (SI503)
4,전선,에너지화학공학과,,1234001,연료전지공학,3,권오중,월 1 (SI578) 화 1  2 (SI578)
1,전기,에너지화학공학과,,2406001,일반물리,2,김영실,목 1  2 (SJ225)
2,전필,에너지화학공학과,,1210001,화공열역학,3,김지용,월 2  3 (SJ225) 수 3 (SJ225)
2,전선,에너지화학공학과,,1212001,공학수학 2,3,김지용,월 1 (SJ225) 목 8  9 (SJ225)
3,전필,에너지화학공학과,,4148001,반응공학,3,김지용,목 3 (SJ225) 금 8  9 (SJ225)
3,전선,에너지화학공학과,,1221001,고체화학,3,문준영,화 1  2 (SI385) 금 1 (SI578)
4,전선,에너지화학공학과,,1236001,이차전지공학,3,문준영,목 1  2 (SI578) 금 7 (SI578)
4,전선,에너지화학공학과,,4147001,나노소재화학,3,문준영,월 2  3 (SI578) 화 3 (SI578)
3,전선,에너지화학공학과,,1226001,기기분석 2,3,박영돈,월 6 (SI578) 수 1  2 (SI578)
3,전선,에너지화학공학과,,4146001,정보전자소재,3,박영돈,월 7  8 (SI578) 수 3 (SI578)
4,전선,에너지화학공학과,,1237001,창의연구 2,3,박영돈,화 4 (SI530) 금 2  3 (SI530)
1,전기,에너지화학공학과,,1532001,일반화학(2),2,이창연,수 4  5 (SI386)
2,전필,에너지화학공학과,,1209001,무기화학,3,이창연,화 3 (SJ225) 수 1  2 (SJ225)
2,전선,에너지화학공학과,,1214001,유기화학 2,3,이창연,목 4 (SJ225) 금 2  3 (SJ225)
3,전필,에너지화학공학과,,1224001,에너지변환및저장실험,2,이창연,화 6  7  8  9 (SI530)
3,전필,에너지화학공학과,,1224002,에너지변환및저장실험,2,이창연,목 6  7  8  9 (SI530)
1,전기,에너지화학공학과,,1535002,일반물리실험,1,추형곤,금 5  6 (SF115)
1,전기,에너지화학공학과,,1192006,일반화학실험(2),1,홍종달,목 6  7 (SF504)
1,전기,에너지화학공학과,,1192007,일반화학실험(2),1,홍종달,목 4  5 (SF504)
1,전기,에너지화학공학과,,1535001,일반물리실험,1,황지현,금 5  6 (SF114)
1,전선,역사교육과,,3160001,동양사개론,3,강현사,월 1  2  3 (NC214)
3,전선,역사교육과,,3717001,동아시아현대사,3,강현사,수 1  2  3 (NC214)
3,전필,역사교육과,,3715001,역사논리및논술에관한교육,3,구경남,금 2  3  4 (NC308)
2,전기,역사교육과,,3587001,서양사사료강독,3,김정욱,월 5 (NC214) 금 6  7 (NC214)
3,전선,역사교육과,,4197001,서양중세사,3,김정욱,화 5 (NC214) 목 5  6 (NC214)
2,전선,역사교육과,,3590001,동아시아중세사,3,김진우,수 5  6  7 (NC214)
2,전선,역사교육과,,3589001,한국근세사,3,문용식,월 1  2  3 (NC207)
3,전선,역사교육과,,3716001,한국현대사,3,윤상원,화 7  8  9 (NC214)
1,전기,역사교육과,,3159001,역사학개론,3,이정호,목 2  3  4 (NC214)
3,전선,역사교육과,,3710001,한국사회경제사,3,이정호,목 7  8  9 (NC214)
1,전선,역사교육과,,3161001,문화유산의이해,3,이형우,화 5 (NC207) 목 7  8 (NC206)
2,전필,역사교육과,,3588001,한국중세사,3,허인욱,금 2  3  4 (NC214)
1,전기,영어교육과,,3141001,영어독해,3,김태철,금 6  7  8 (NC208)
3,전선,영어교육과,,3639001,영미소설,3,김태철,금 2  3  4 (NC206)
1,전필,영어교육과,,3140001,영문학개론,3,신양숙,수 6  7 (NC208) 금 0 (NC208)
2,전필,영어교육과,,3520001,영어음성음운론,3,이진성,월 6  7 (NC208) 수 5 (NC208)
3,전필,영어교육과,,3637001,영어의기원과발달,3,이진성,월 5 (NC207) 수 6  7 (NC207)
3,전선,영어교육과,,XAA8039001,고급영어회화,3,코리 로슨,금 6  7  8 (NC206)
2,전선,영어교육과,,4188001,미국역사와영어,3,클라인,수 2  3  4 (NC208)
1,전선,영어교육과,,3142001,영어회화,2,,목 2  3 (NC208)
1,전선,영어교육과,,3143001,영작문Ⅰ,2,,월 2  3 (NC208)
2,전필,영어교육과,,3515001,영어교육론,3,,월 2  3 (NC308) 화 8 (NC308)
3,전선,영어교육과,,3640001,영어논리및논술에관한교육,3,,화 6  7 (NC308) 수 4 (NC308)
3,전선,영어영문학과,,349001,영어교과교육론,3,김정태,수 9 (SP119) 목 8  9 (SP119)
4,전선,영어영문학과,,AIB6044001,시사영어,3,김정태,월 8  9 (SP119) 수 7 (SP119)
3,전필,영어영문학과,,AIB6075001,세익스피어비극과역사극,3,김화순,월 9 (SP101) 목 3  4 (SP101)
3,전필,영어영문학과,,AIB6075002,세익스피어비극과역사극,3,김화순,월 5  6 (SP101) 목 7 (SP101)
1,전필,영어영문학과,,AIB6094004,영어회화(2),1,에밀리 토마스,월 6 (SP113) 화 4 (SP113)
2,전선,영어영문학과,,AIB6013001,영작문(3),2,에밀리 토마스,화 7 (SP103) 금 1 (SP103)
2,전선,영어영문학과,,AIB6013002,영작문(3),2,에밀리 토마스,수 8 (SP103) 금 3 (SP103)
3,전선,영어영문학과,,AIB6085001,중급영어회화(2),2,에밀리 토마스,월 3 (SP113) 수 5 (SP113)
3,전선,영어영문학과,,AIB6085002,중급영어회화(2),2,에밀리 토마스,월 4 (SP113) 수 6 (SP113)
2,전필,영어영문학과,,AIB6009001,영어음성학,3,유혜배,월 5  6 (SP403) 목 5 (SP403)
2,전필,영어영문학과,,AIB6009002,영어음성학,3,유혜배,월 9 (SP403) 금 5  6 (SP403)
1,전선,영어영문학과,,AIB6105001,영문법(1),3,윤소연,수 4 (SP403) 금 2  3 (SP403)
2,전선,영어영문학과,,AIB6010001,영어구문론,3,윤소연,월 2  3 (SP322) 목 6 (SP322)
3,전필,영어영문학과,,AIB6106001,영미문화와언어발달사,3,윤소연,수 7 (SP403) 목 1  2 (SP403)
3,전필,영어영문학과,,AIB6106002,영미문화와언어발달사,3,윤소연,월 7 (SP403) 수 2  3 (SP403)
1,전선,영어영문학과,,AIB6104001,실용영어(2),3,이영수,화 7  8  9 (SP403)
2,전선,영어영문학과,,AIB6034001,미국언어와문화,3,이영수,화 2  3  4 (SP403)
2,전필,영어영문학과,,AIB6008001,미국문학사,3,이용화,화 6 (SP116) 수 6  7 (SP116)
2,전필,영어영문학과,,AIB6008002,미국문학사,3,이용화,화 9 (SP301) 목 2  3 (SP301)
1,전선,영어영문학과,,AIB6096001,영미문학강독,3,전신화,월 4  5 (SP322) 목 2 (SP322)
3,전선,영어영문학과,,AIB6082001,19세기영국소설,3,전신화,월 2 (SP120) 화 7  8 (SP120)
3,전선,영어영문학과,,AIB6077001,낭만주의영미시,3,정신우,화 3  4  5 (SP322)
1,전필,영어영문학과,,AIB6094001,영어회화(2),1,,화 1 (SP103) 수 3 (SP103)
1,전필,영어영문학과,,AIB6094002,영어회화(2),1,,화 2 (SP103) 수 2 (SP103)
1,전필,영어영문학과,,AIB6094003,영어회화(2),1,,화 3 (SP103) 수 1 (SP103)
2,전선,영어영문학과,,AIB6014001,영어회화(4),2,,화 8 (SP103) 금 2 (SP103)
2,전선,영어영문학과,,AIB6014002,영어회화(4),2,,수 9 (SP103) 금 4 (SP103)
4,전선,영어영문학과,,AIB6102001,실무영어회화,2,,월 7 (SP103) 수 6 (SP103)
1,전선,운동건강학부,,1352001,배드민턴,1,구제언,월 2  3 (SV101)
1,전선,운동건강학부,,1352002,배드민턴,1,구제언,월 4  5 (SV101)
3,전선,운동건강학부,,2148001,운동비만관리,3,권훈겸,목 1  2  3 (SQ320)
3,전필,운동건강학부,,HFC6016001,운동기능학,3,김석범,금 1  2  3 (SQ302)
,전선,운동건강학부,,2888001,전공실기지도(AT),3,김수형,월 6  7 (SQ302) 수 6  7 (SQ302) 금 6  7 (SQ302)
,전선,운동건강학부,,2888002,전공실기지도(AT),3,김수형,월 8  9 (SQ302) 수 8  9 (SQ302) 금 8  9 (SQ302)
2,전선,운동건강학부,,2179001,스포츠테이핑,1,김수형,월 4  5 (SQ302)
2,전선,운동건강학부,,2179002,스포츠테이핑,1,김수형,수 4  5 (SQ302)
3,전선,운동건강학부,,2173001,성장발달운동,1,김옥,목 8  9 (SU105)
3,전선,운동건강학부,,2173002,성장발달운동,1,김옥,목 6  7 (SU105)
4,전선,운동건강학부,,2911001,재활운동2,1,김용진,목 5  6 (SQ319)
1,전선,운동건강학부,,2900001,여가및레크리에이션,3,김홍록,화 6  7  8 (SQ302)
3,전선,운동건강학부,,HFC6080001,운동재활론,3,남혜주,수 1  2  3 (SQ320)
4,전선,운동건강학부,,2175001,호신술,1,박상혁,월 3  4 (SU106)
4,전선,운동건강학부,,2898001,운동건강관리,3,박준기,수 1  2  3 (SQ313)
,전선,운동건강학부,,2887001,전공실기지도(GX),3,성동호,월 6  7 (SU105) 수 6  7 (SU105) 금 6  7 (SU105)
1,전필,운동건강학부,,1355001,동계훈련,1,성창훈,수 4  5 (SU205)
2,전필,운동건강학부,,2139001,운동심리학,3,성창훈,화 9 (SQ320) 목 5  6 (SQ320)
2,전필,운동건강학부,,2901001,운동처방론,3,신원태,화 1  2  3 (SQ302)
1,전필,운동건강학부,,1354001,운동생리학,3,신호수,화 5 (SQ302) 수 1  2 (SQ302)
3,전필,운동건강학부,,2890002,현장지도실습2,1,신호수,목 4  5 (SQ103)
,전선,운동건강학부,,2886001,전공실기지도(PT),3,심현도,월 6  7 (SU205) 수 6  7 (SU205) 금 6  7 (SU205)
,전선,운동건강학부,,2886002,전공실기지도(PT),3,심현도,월 8  9 (SU205) 수 8  9 (SU205) 금 8  9 (SU205)
2,전선,운동건강학부,,2904001,수중운동,1,안효성,화 4  5 (SU110)
2,전선,운동건강학부,,2904002,수중운동,1,안효성,화 6  7 (SU110)
2,전선,운동건강학부,,2905001,스포츠클라이밍,1,양창수,수 4  5 (SQ103)
2,전선,운동건강학부,,2905002,스포츠클라이밍,1,양창수,월 4  5 (SQ103)
3,전선,운동건강학부,,2906001,운동코칭론,3,오화정,월 1  2  3 (SQ313)
3,전선,운동건강학부,,2908001,치료레크레이션,1,이광욱,화 1  2 (SQ320)
3,전선,운동건강학부,,2908002,치료레크레이션,1,이광욱,화 3  4 (SQ320)
2,전선,운동건강학부,,2903001,운동소비자행동론,3,이천희,목 1  2  3 (SQ302)
4,전선,운동건강학부,,2910001,노화와운동,3,임강일,금 1  2  3 (SQ320)
2,전선,운동건강학부,,HFC6078001,필라테스,1,임명주,금 3  4 (SU205)
2,전선,운동건강학부,,HFC6078002,필라테스,1,임명주,금 1  2 (SU205)
1,전선,운동건강학부,,1358001,에어로빅스,1,정숙경,금 1  2 (SU106)
1,전선,운동건강학부,,1358002,에어로빅스,1,정숙경,금 3  4 (SU106)
4,전선,운동건강학부,,XAA2042001,웰빙댄스,1,정숙경,화 2  3 (SU106)
1,전필,운동건강학부,,1355002,동계훈련,1,정우재,수 4  5 (SQ301-1)
3,전필,운동건강학부,,2890001,현장지도실습2,1,조명진,목 4  5 (SQ312)
2,전선,운동건강학부,,2902001,운동상해예방처치,3,한상철,월 1  2 (SQ302) 수 3 (SQ302)
,전선,운동건강학부,,4286001,전공실기지도(RT),3,,월 8  9 (SU110) 수 8  9 (SU110) 금 8  9 (SU110)
3,전선,운동건강학부,,2907001,뉴스포츠,1,,화 6  7 (SV206)
3,전선,운동건강학부,,2907002,뉴스포츠,1,,화 8  9 (SV206)
4,전선,운동건강학부,,2913001,생활체조,1,,목 8  9 (SU106)
3,교,유아교육과,,2760001,교육방법및교육공학,2,김민정,월 6  7 (NC305)
3,교,유아교육과,,2760002,교육방법및교육공학,2,김민정,월 8  9 (NC205)
1,교,유아교육과,,1306001,교육철학및교육사,2,김상현,금 2  3 (NC305)
1,교,유아교육과,,1306002,교육철학및교육사,2,김상현,금 5  6 (NC305)
1,교,유아교육과,,1306003,교육철학및교육사,2,김상현,금 7  8 (NC305)
4,전선,유아교육과,,1340001,유아교육기관운영관리,3,김선아,월 1  2  3 (NC209)
2,전필,유아교육과,,2751001,영유아프로그램개발과평가,3,김은숙,목 1  2  3 (NC307)
4,전필,유아교육과,,3568001,유아논리및논술에관한교육,2,김은숙,목 8  9 (NC308)
1,전선,유아교육과,,1315001,유아반주법의기초,2,송여숙,금 1  2  3 (NC106)
2,전필,유아교육과,,1304001,유아음악교육,3,송여숙,월 2  3  4 (NC306)
3,전선,유아교육과,,1328001,유아동작교육,3,송여숙,수 6  7  8 (NC103)
3,전선,유아교육과,,1335001,보육실습,3,송여숙,목 1  2  3  4 (NC103)
3,전선,유아교육과,,2740001,유아조형교육,3,신희이,월 2  3  4 (NC307)
1,전선,유아교육과,,1305001,아동미술,3,안효진,수 6  7  8 (NC209)
2,전선,유아교육과,,1314001,유아과학교육,3,안효진,월 6  7  8 (NC307)
4,교,유아교육과,,1342001,교직실무,2,오유미,목 6  7 (NC207)
3,교,유아교육과,,2519001,특수아동의이해,2,이광희,월 8  9 (NC305)
3,교,유아교육과,,2519002,특수아동의이해,2,이광희,월 6  7 (NC205)
1,전선,유아교육과,,2738001,숲유치원교육론,3,이명환,목 2  3  4 (NC209)
1,전기,유아교육과,,1303001,아동발달론,3,이시자,수 3  4 (NC307) 목 1 (NC209)
4,전선,유아교육과,,1333001,부모교육,3,이시자,월 5  6  7 (NC209)
2,교,유아교육과,,1311001,교육사회,2,이용웅,화 8  9
3,전선,유아교육과,,1329001,아동관찰및행동연구,3,이현정,목 6  7  8 (NC209)
4,전선,유아교육과,,1341001,아동안전관리,3,이현정,목 2  3  4 (NC207)
2,교,유아교육과,,1311002,교육사회,2,이효신,수 8  9
4,전기,유아교육과,,1338001,아동복지,3,조한숙,화 6  7  8 (NC209)
2,전선,유아교육과,,1313001,유아문학교육,3,채종옥,목 5  6 (NC307) 금 1 (NC209)
3,전선,유아교육과,,1326001,놀이지도,3,채종옥,수 2  3  4 (NC209)
4,교,유아교육과,,1331001,교육봉사활동,2,채종옥,
3,전선,윤리교육과,,CGA6138001,불교윤리,3,김정희,수 4  5  6 (NC211)
1,전선,윤리교육과,,3164001,중국문화와윤리,3,신진식,월 4 (NC211) 금 2  3 (NC211)
2,전필,윤리교육과,,CGA6027001,동양윤리사상,3,신진식,월 1 (NC211) 목 8  9 (NC306)
3,전필,윤리교육과,,CGA6136001,도가도교와윤리,3,신진식,목 2  3 (NC211) 금 6 (NC306)
1,전필,윤리교육과,,3162001,윤리학개론,3,윤영돈,월 2  3 (NC211) 금 1 (NC211)
2,전필,윤리교육과,,3577001,도덕윤리과교육론,3,윤영돈,화 2  3 (NC308) 수 1 (NC308)
2,전선,윤리교육과,,3570001,서양고중세윤리학사,3,이종환,금 7  8  9 (NC211)
2,전필,윤리교육과,,CGA6064001,한국윤리사상,3,이현선,화 4  5  6 (NC211)
3,전선,윤리교육과,,CGA6147001,성리학,3,이현선,화 7  8  9 (NC211)
3,전필,윤리교육과,,3731001,통일교육론,3,장명학,목 4  5  6 (NC211)
3,전선,윤리교육과,,3734001,철학적사고와원리,3,최순옥,화 1 (NC211) 목 8  9 (NC211)
2,전필,일어교육과,,3533001,일본어문장의이해,3,김경혜,화 3 (NC212) 수 6  7 (NC206)
3,전필,일어교육과,,3656001,일본어표현지도,3,김경혜,화 5  6 (NC206) 수 5 (NC206)
1,전필,일어교육과,,3138001,일본어회화,3,니시모토가쓰히로,월 7 (NC212) 화 4  5 (NC212)
2,전선,일어교육과,,3534001,현장일본어회화Ⅱ,3,니시모토가쓰히로,월 2  3 (NC212) 목 4 (NC306)
3,전선,일어교육과,,3657001,커뮤니케이션일본어Ⅱ,3,니시모토가쓰히로,화 7 (NC206) 목 5  6 (NC212)
3,전선,일어교육과,,4160001,국제경영연구,3,박정동,화 1  2  3 (NC206)
1,전선,일어교육과,,3146001,일본사이해,3,이미령,목 2  3  4 (NC212)
2,전필,일어교육과,,3532001,일본문학개론,3,이상준,수 1  2  3 (NC212)
3,전선,일어교육과,,4159001,일본문학지도법,3,이상준,금 2  3  4 (NC212)
1,전기,일어교육과,,3144001,일본어입문Ⅱ,3,최은혁,수 6  7 (NC212) 금 7 (NC212)
1,전선,일어교육과,,3145001,일본어한자,3,최은혁,수 5 (NC212) 금 5  6 (NC212)
2,전선,일어교육과,,3535001,일본어평가지도,3,최은혁,월 5  6 (NC212) 목 3 (NC306)
3,전필,일어교육과,,3655001,일본어교과교재연구및지도법,3,최은혁,월 4 (NC308) 목 1  2 (NC308)
1,전필,일어일문학과,,AIC6042001,일본어회화입문(2),3,가가와유키코,월 6  7 (SP119) 목 3 (SP323)
1,전필,일어일문학과,,AIC6042002,일본어회화입문(2),3,가가와유키코,화 5  6 (SP119) 목 4 (SP323)
2,전선,일어일문학과,,AIC6048002,실천일본어회화(2),3,가가와유키코,수 6  7 (SP401) 목 1 (SP401)
3,전선,일어일문학과,,AIC6035001,한일비교문화론,3,김홍래,금 6  7  8 (SP401)
2,전선,일어일문학과,,AIC6048001,실천일본어회화(2),3,마츠야마켄사쿠,화 5  6  7 (SP323)
2,전필,일어일문학과,,AIC6051002,일본의언어와생활(2),3,문인숙,월 1  2 (SP323) 목 2 (SP401)
4,전선,일어일문학과,,AIC6072001,일본어문화와여성,3,문인숙,월 5  6 (SP317) 목 1 (SP119)
1,전선,일어일문학과,,365001,일본전근대사,3,방광석,화 7  8  9 (SP119)
3,전선,일어일문학과,,AIC6055001,응용일본어회화(2),2,오카모토슈이치,월 3  4 (SP119)
1,전기,일어일문학과,,AIC6040001,일본어입문(2),3,윤상현,화 3 (SP503) 목 1  2 (SP323)
3,전선,일어일문학과,,AIC6057001,미디어일본어(2),2,윤상현,화 1  2 (SP323)
2,전선,일어일문학과,,AIC6073001,일본한자문화의이해,3,이건상,월 6  7 (SP323) 화 1 (SP401)
3,전선,일어일문학과,,AIC6023001,일어학사,3,이건상,월 1  2 (SP401) 화 3 (SP323)
4,전선,일어일문학과,,1389001,현대일본사회의이해,2,이건상,수 2  3 (SP323)
2,전선,일어일문학과,,AIC6069001,오늘의일본,3,이정훈,목 4  5  6 (SP401)
2,전필,일어일문학과,,AIC6008001,일문학요론,3,조사옥,월 5 (SP401) 화 2  3 (SP401)
3,전선,일어일문학과,,AIC6074001,일본의종교와문화,3,조사옥,월 6  7 (SP401) 화 7 (SP401)
4,전선,일어일문학과,,AIC6068001,일현대소설,3,조사옥,월 3  4 (SP323) 목 3 (SP401)
2,전필,일어일문학과,,AIC6051001,일본의언어와생활(2),3,차현경,수 2  3  4 (SP401)
1,전기,일어일문학과,,AIC6040002,일본어입문(2),3,홍영주,수 3  4  5 (SP116)
2,전선,일어일문학과,,AIC6046001,일본어문장연습(2),3,황미옥,월 3  4 (SP401) 수 8 (SP401)
3,전필,일어일문학과,,369001,한일언어문화의비교,3,황미옥,화 8 (SP401) 금 3  4 (SP401)
3,전필,일어일문학과,,369002,한일언어문화의비교,3,황미옥,화 5  6 (SP401) 금 2 (SP401)
1,전선,임베디드시스템공학과,,4271001,프로그래밍응용,1,강석훈,화 5  6 (SH306)
1,전선,임베디드시스템공학과,,4271002,프로그래밍응용,1,강석훈,화 8  9 (SH306)
3,전필,임베디드시스템공학과,,4255001,SW응용실습 2,1,강석훈,목 8  9 (SH306)
3,전필,임베디드시스템공학과,,4255002,SW응용실습 2,1,강석훈,목 5  6 (SH306)
4,전선,임베디드시스템공학과,,IAC3062001,모바일시스템설계,3,강석훈,월 8  9 (SH313) 화 4 (SH313)
1,전기,임베디드시스템공학과,,EGB6003001,공업수학(2),2,강우철,목 8  9 (SH313)
3,전필,임베디드시스템공학과,,IAC3005001,임베디드SW공학,3,강우철,월 6  7 (SH306) 금 5 (SH306)
4,전선,임베디드시스템공학과,,1770001,데이터베이스,3,강우철,화 1  2 (SH302) 금 7 (SH302)
1,기과,임베디드시스템공학과,,103023,물리실험(2),1,김영실,수 1  2 (SF115)
1,기과,임베디드시스템공학과,,103022,물리실험(2),1,김준호,수 1  2 (SF109)
2,교선,임베디드시스템공학과,,2666003,일본어1,3,어연경,월 1  2  3 (SH313)
2,전선,임베디드시스템공학과,,IAC3044001,확률통계론,3,이영섭,화 7 (SH313) 금 1  2 (SH313)
3,전필,임베디드시스템공학과,,4269001,임베디드제어시스템,3,이영섭,수 1  2 (SH306) 금 4 (SH306)
1,교필,임베디드시스템공학과,,XAA8062001,공학작문및발표,3,이영태,월 4  5  6 (SH313)
2,전필,임베디드시스템공학과,,4265001,SW분석과설계,2,전경구,금 8  9 (SH317)
2,전필,임베디드시스템공학과,,4266001,SW기초실습 2,1,전경구,수 1  2 (SH317)
4,전선,임베디드시스템공학과,,4256001,융복합시스템,3,전경구,화 8  9 (SH302) 금 5 (SH302)
3,전필,임베디드시스템공학과,,4257001,신호처리실습 2,1,전광길,화 1  2 (SH306)
3,전선,임베디드시스템공학과,,4270001,임베디드비젼시스템,3,전광길,화 7 (SH306) 목 1  2 (SH306)
1,전필,임베디드시스템공학과,,4254001,아날로그HW실습,1,조중휘,목 5  6 (SH317)
1,전필,임베디드시스템공학과,,4254002,아날로그HW실습,1,조중휘,목 8  9 (SH317)
1,전필,임베디드시스템공학과,,EPG6091001,전자공학,2,조중휘,금 1  2 (SH317)
1,전필,임베디드시스템공학과,,EPG6091002,전자공학,2,조중휘,금 6  7 (SH317)
4,전필,임베디드시스템공학과,,IAC3058001,캡스턴디자인(2),3,조중휘,월 1  2 (SH302) 금 9 (SH302)
1,전선,임베디드시스템공학과,,IAC3053001,수치해석,3,최병조,수 5 (SH313) 목 1  2 (SH313)
2,전선,임베디드시스템공학과,,IAB6067001,통신공학,3,최병조,월 5  6 (SH304) 금 5 (SH304)
3,전선,임베디드시스템공학과,,4268001,부호및정보이론,3,최병조,목 4 (SH313) 금 7  8 (SH313)
2,전기,임베디드시스템공학과,,XAA1061001,논리학,3,최순옥,수 7  8 (SH313) 목 1 (SH314)
2,전필,임베디드시스템공학과,,4267001,마이크로콘트롤러,3,황광일,월 8 (SH317) 화 1  2 (SH317)
4,전선,임베디드시스템공학과,,IAC3060001,센서네트워크,3,황광일,월 5  6 (SH314) 금 2 (SH314)
1,기과,임베디드시스템공학과,,102010,물리(2),3,,월 7  8  9 (SH304)
2,전필,전기공학과,,EPB6007001,전자기학(2),3,김준동,월 1  2 (SI416) 화 1 (SI416)
2,전필,전기공학과,,EPB6007002,전자기학(2),3,김준동,월 4 (SI515) 수 1  2 (SI515)
4,전필,전기공학과,,EPB6063002,캡스톤,2,김준동,금 2  3  4  5 (SI224)
2,전선,전기공학과,,EPB6072001,전자공학,3,김준석,월 8 (SI322) 금 3  4 (SI322)
2,전선,전기공학과,,EPB6072002,전자공학,3,김준석,목 5 (SI322) 금 1  2 (SI322)
3,전필,전기공학과,,EPB6052001,전력전자설계,3,김준석,월 6  7 (SI211) 화 5  6 (SI416)
3,전필,전기공학과,,EPB6052002,전력전자설계,3,김준석,목 6  7 (SI416) 금 6  7 (SI211)
1,전선,전기공학과,,EP01004006,컴퓨터프로그래밍,3,김철순,금 3  4  5 (SC105)
1,전선,전기공학과,,EP01004007,컴퓨터프로그래밍,3,김철순,금 7  8  9 (SC105)
2,전선,전기공학과,,EK06036001,에너지발생공학,3,김학만,월 5 (SI515) 수 3  4 (SI515)
4,전선,전기공학과,,2802001,신배전시스템공학,3,김학만,화 1 (SI322) 목 2  3 (SI416)
4,전선,전기공학과,,EPB6030001,전력계통공학,3,박철원,화 7  8  9 (SI322)
3,전필,전기공학과,,EK06110001,전기기기실험,2,배선기,월 6  7  8  9 (SI212)
3,전필,전기공학과,,EK06110002,전기기기실험,2,배선기,목 5  6  7  8 (SI212)
3,전선,전기공학과,,EK06032001,유도기기,3,배선기,월 4 (SI322) 수 6  7 (SI322)
4,전필,전기공학과,,EPB6063001,캡스톤,2,배선기,화 2  3  4  5 (SI224)
2,전선,전기공학과,,EPB6071001,마이크로컴퓨터시스템,3,서상현,수 7  8  9 (SI416)
3,전선,전기공학과,,EPB6075001,C프로그래밍응용,3,송병두,수 2  3  4 (SI322)
2,전필,전기공학과,,EPB6048003,전기실험,2,신혜경,목 1  2  3  4 (SI211)
2,전필,전기공학과,,EPB6048004,전기실험,2,신혜경,목 6  7  8  9 (SI211)
3,전선,전기공학과,,2798001,전기설비공학,3,신화영,화 2  3  4 (SI416)
2,전선,전기공학과,,EPB6046001,컴퓨터시뮬레이션,3,우성민,금 6  7  8 (SI322)
3,전선,전기공학과,,EK06025001,송배전공학,3,우성민,금 2  3  4 (SI515)
2,전필,전기공학과,,EPB6048001,전기실험,2,이병하,화 2  3  4  5 (SI211)
2,전필,전기공학과,,EPB6048002,전기실험,2,이병하,화 6  7  8  9 (SI211)
3,전선,전기공학과,,3178001,시스템제어,3,이병하,월 2  3 (SI322) 목 3 (SI322)
4,전선,전기공학과,,EPB6036001,디지털제어,3,이병하,월 7  8 (SI416) 목 5 (SI416)
1,전선,전기공학과,,EJ06110001,전기공학개론,3,임인호,월 6  7  8 (SI515)
1,전기,전기공학과,,XAA2025001,미적분학,3,장규환,화 6  7 (SF102) 금 2 (SF102)
1,전기,전기공학과,,XAA2025002,미적분학,3,장규환,수 5  6 (SF102) 목 2 (SF102)
2,전필,전기공학과,,EPB6008001,회로이론(2),3,정영식,월 1  2 (SI515) 화 1 (SI515)
2,전필,전기공학과,,EPB6008002,회로이론(2),3,정영식,월 6 (SI416) 수 1  2 (SI416)
3,전선,전자공학과,,EPC6023001,마이크로파공학,3,구경헌,월 5 (SI318) 수 5  6 (SI321)
3,전선,전자공학과,,EPC6023002,마이크로파공학,3,구경헌,월 6 (SI318) 수 1  2 (SI321)
2,전필,전자공학과,,EPC6047001,디지털논리설계,3,김교선,월 2 (SI518) 수 2  3 (SI518)
2,전필,전자공학과,,EPC6047002,디지털논리설계,3,김교선,월 3 (SI518) 수 5  6 (SI518)
3,전필,전자공학과,,EPC6020002,마이크로프로세서실험,1,김교선,수 7  8 (SI326)
4,전필,전자공학과,,EPC6067003,캡스턴디자인,3,김교선,월 5  6 (SI326) 목 3 (SI326)
1,기과,전자공학과,,102005,물리(2),3,김말진,목 1  2  3 (SI515)
3,전필,전자공학과,,EPC6020001,마이크로프로세서실험,1,김훈,월 7  8 (SI326)
3,전선,전자공학과,,3419001,유비쿼터스센서네트워크,3,김훈,화 5 (SI321) 목 6  7 (SI419)
3,전선,전자공학과,,3419002,유비쿼터스센서네트워크,3,김훈,월 3 (SI318) 화 2  3 (SI318)
4,전필,전자공학과,,EPC6067001,캡스턴디자인,3,김훈,수 8 (SI419) 목 2  3 (SI419)
3,전선,전자공학과,,YAA9813001,전기전자통신교과교육론,3,박성욱,금 7  8  9 (SI318)
1,기과,전자공학과,,103012,물리실험(2),1,박승룡,목 7  8 (SF109)
1,전선,전자공학과,,EP01004008,컴퓨터프로그래밍,3,박재삼,화 7 (SI326) 금 2  3 (SI326)
1,전선,전자공학과,,EP01004009,컴퓨터프로그래밍,3,박재삼,화 8 (SI326) 금 5  6 (SI326)
2,전선,전자공학과,,EPC6049001,회로망이론,3,박종욱,월 1 (SI518) 화 5  6 (SI518)
2,전선,전자공학과,,EPC6049002,회로망이론,3,박종욱,월 2 (SI321) 화 2  3 (SI518)
3,전선,전자공학과,,EPC6033001,컴퓨터구조,3,박종욱,목 3 (SI318) 금 2  3 (SI321)
2,전필,전자공학과,,EPC6008002,디지털실험,1,박종태,화 5  6 (SI316)
2,전필,전자공학과,,EPC6008003,디지털실험,1,박종태,금 7  8 (SI316)
2,전선,전자공학과,,EPC6048001,물리전자,3,박종태,월 3 (SI321) 화 2  3 (SI321)
2,전선,전자공학과,,EPC6048002,물리전자,3,박종태,월 7 (SI321) 목 2  3 (SI321)
2,전기,전자공학과,,EPC6060001,확률변수론,3,백주기,금 1  2  3 (SI518)
2,전기,전자공학과,,EPC6060002,확률변수론,3,백주기,금 7  8  9 (SI515)
2,전필,전자공학과,,EPC6008004,디지털실험,1,변윤식,월 6  7 (SI316)
3,전선,전자공학과,,EPC6056001,디지털신호처리,3,변윤식,월 1  2 (SI318) 화 6 (SI321)
3,전선,전자공학과,,EPC6056002,디지털신호처리,3,변윤식,화 5 (SI318) 목 1  2 (SI318)
4,전필,전자공학과,,EPC6067002,캡스턴디자인,3,서정현,월 2  3 (SI419) 화 5 (SI419)
4,전선,전자공학과,,EPC6073001,디스플레이공학,3,서정현,화 6 (SI419) 목 5  6 (SI318)
1,기과,전자공학과,,XAA1493005,대학화학,3,손민일,월 5  6  7 (SI322)
1,기과,전자공학과,,103010,물리실험(2),1,송은선,화 5  6 (SF109)
1,기과,전자공학과,,102006,물리(2),3,유상구,목 1  2  3 (SI518)
3,전필,전자공학과,,EPC6052001,전자회로설계,3,유종근,수 7  8 (SI518) 목 8 (SI518)
3,전필,전자공학과,,EPC6052002,전자회로설계,3,유종근,화 1 (SI518) 목 5  6 (SI518)
4,전필,전자공학과,,EPC6067004,캡스턴디자인,3,유종근,월 8 (SI419) 수 1  2 (SI419)
2,전필,전자공학과,,EPC6008001,디지털실험,1,이원규,수 7  8 (SI316)
3,전선,전자공학과,,EPC6054001,디지털통신,3,이원규,월 9 (SI321) 금 5  6 (SI321)
1,기과,전자공학과,,XAA1493006,대학화학,3,이현주,월 5  6  7 (SI518)
2,교선,전자공학과,,XAA2027003,공학과경영,3,임경택,화 8  9 (SI518) 목 7 (SI515)
2,교선,전자공학과,,XAA2027004,공학과경영,3,임경택,화 7 (SI518) 목 8  9 (SI515)
1,기과,전자공학과,,103014,물리실험(2),1,장주억,목 7  8 (SF115)
2,전선,전자공학과,,EPC6041001,전자장,3,전석희,월 8 (SI321) 목 5  6 (SI321)
2,전선,전자공학과,,EPC6041002,전자장,3,전석희,월 5  6 (SI321) 목 1 (SI321)
4,전선,전자공학과,,EPC6029001,광통신공학,3,전석희,화 2  3 (SI419) 목 8 (SI318)
3,전선,전자공학과,,EPC6055001,디지털집적회로,3,정재용,수 1  2 (SI318) 목 1  2 (SI326)
3,전선,전자공학과,,EPC6055002,디지털집적회로,3,정재용,수 5  6 (SI326) 목 7  8 (SI321)
1,기과,전자공학과,,103013,물리실험(2),1,정태봉,목 7  8 (SF112)
1,전기,전자공학과,,104005,미분방정식,3,제갈장,월 8 (SI518) 목 5  6 (SI515)
1,전기,전자공학과,,104006,미분방정식,3,제갈장,월 3 (SI515) 금 7  8 (SI518)
1,기과,전자공학과,,103011,물리실험(2),1,함효식,화 5  6 (SF112)
3,전필,전자공학과,,EPC6020003,마이크로프로세서실험,1,홍연찬,금 7  8 (SI326)
4,전선,전자공학과,,EPC6057002,제어시스템설계,3,홍연찬,수 6  7 (SI318) 목 7 (SI318)
4,전필,전자공학과(야),,EPC6067005,캡스턴디자인,3,구경헌,수 야간1  야간2  야간3 (SI321)
2,전필,전자공학과(야),,EPC6047003,디지털논리설계,3,김교선,월 야간1 (SI322) 수 야간4  야간5 (SI322)
1,전선,전자공학과(야),,EP01004010,컴퓨터프로그래밍,3,박재삼,금 야간1  야간2  야간3 (SI326)
2,전선,전자공학과(야),,EPC6049003,회로망이론,3,박종욱,화 야간1 (SI515) 목 야간2  야간3 (SI518)
3,전선,전자공학과(야),,EPC6033002,컴퓨터구조,3,박종욱,화 야간3  야간4 (SI322) 목 야간1 (SI322)
2,전선,전자공학과(야),,EPC6048003,물리전자,3,박종태,월 야간2  야간3 (SI322) 화 야간2 (SI515)
2,전기,전자공학과(야),,EPC6060003,확률변수론,3,백주기,금 야간2  야간3  야간4 (SI518)
2,전필,전자공학과(야),,EPC6008005,디지털실험,1,변윤식,목 야간4  야간5 (SI316)
2,전선,전자공학과(야),,EPC6041003,전자장,3,서정현,월 야간4  야간5 (SI322) 목 야간1 (SI518)
4,전선,전자공학과(야),,EPC6073002,디스플레이공학,3,서정현,월 야간1  야간2 (SI318) 목 야간2 (SI321)
3,전필,전자공학과(야),,EPC6052003,전자회로설계,3,유종근,화 야간1  야간2 (SI321) 목 야간2 (SI515)
1,기과,전자공학과(야),,103016,물리실험(2),1,이운학,수 야간4  야간5 (SF114)
3,전선,전자공학과(야),,EPC6054002,디지털통신,3,이원규,금 야간1  야간2  야간3 (SI321)
1,기과,전자공학과(야),,XAA1493007,대학화학,3,이현주,월 야간1  야간2  야간3 (SI518)
2,교선,전자공학과(야),,XAA2027005,공학과경영,3,임경택,화 야간3  야간4  야간5 (SI515)
4,전선,전자공학과(야),,EPC6029002,광통신공학,3,전석희,월 야간3 (SI318) 화 야간1  야간2 (SI318)
4,전선,전자공학과(야),,3420001,RFID의응용,3,전준수,화 야간3  야간4 (SI321) 목 야간1 (SI321)
3,전선,전자공학과(야),,EPC6055003,디지털집적회로,3,정재용,월 야간1  야간2 (SI326) 목 야간3  야간4 (SI515)
1,전기,전자공학과(야),,104007,미분방정식,3,제갈장,월 야간4 (SI518) 화 야간3  야간4 (SI518)
1,기과,전자공학과(야),,102007,물리(2),3,최광호,수 야간1  야간2  야간3 (SI518)
1,기과,전자공학과(야),,103015,물리실험(2),1,함효식,수 야간4  야간5 (SF112)
3,전필,전자공학과(야),,EPC6020004,마이크로프로세서실험,1,홍연찬,금 야간4  야간5 (SI326)
4,전필,전자공학과(야),,EPC6067006,캡스턴디자인,3,홍연찬,목 야간3  야간4  야간5 (SI321)
2,전필,정보통신공학과,,2311001,전자장론,3,강승택,화 5 (SH304) 수 5  6 (SH104)
3,전선,정보통신공학과,,IAB6065001,전자회로,2,강승택,월 5  6 (SH417) 목 5 (SH417)
4,전선,정보통신공학과,,IAB6081001,안테나공학,3,강승택,화 2  3 (SH417) 목 3 (SH417)
1,전기,정보통신공학과,,IA02002002,프로그래밍실험(2),2,강현철,수 1  2  3  4 (SH211)
4,전선,정보통신공학과,,IAB6036001,화상통신,3,강현철,월 5 (SH205) 목 6  7 (SH205)
3,전선,정보통신공학과,,IAB6013001,컴퓨터조직론,3,권구주,수 7  8  9 (SH417)
4,전선,정보통신공학과,,2312001,유비쿼터스네트워크,3,김백현,수 1  2  3 (SH417)
2,전선,정보통신공학과,,IAB6010002,기초정보공학실험(2),2,김용연,목 1  2  3  4 (SH105)
2,전선,정보통신공학과,,IAB6009001,디지털공학,3,김익수,화 7 (SH104) 목 5  6 (SH104)
2,전선,정보통신공학과,,IAB6062001,정보논리실험,2,김익수,화 1  2  3  4 (SH102)
2,전선,정보통신공학과,,IAB6009002,디지털공학,3,김진수,수 7  8  9 (SH104)
3,전선,정보통신공학과,,IAB6022001,운영체제,3,김철순,월 7  8  9 (SH417)
2,전필,정보통신공학과,,2311002,전자장론,3,박정훈,화 5 (SH417) 수 5  6 (SH417)
2,전필,정보통신공학과,,IAB6007002,회로망이론,3,박정훈,월 2  3 (SH104) 화 6 (SH304)
2,전선,정보통신공학과,,IAB6062003,정보논리실험,2,박정훈,화 1  2  3  4 (SH107)
1,전기,정보통신공학과,,2028001,공업수학(1),3,백인자,월 5 (SH104) 화 5  6 (SH104)
1,전기,정보통신공학과,,2028002,공업수학(1),3,백인자,월 6 (SH104) 목 7  8 (SH104)
1,전기,정보통신공학과,,IA02002001,프로그래밍실험(2),2,송영록,월 1  2  3  4 (SH211)
1,전필,정보통신공학과,,2027001,프로그래밍(2),3,송영록,금 4  5  6 (SH417)
1,전필,정보통신공학과,,2027002,프로그래밍(2),3,송영록,금 7  8  9 (SH304)
2,전필,정보통신공학과,,IAB6007001,회로망이론,3,심현민,금 6  7  8 (SH104)
3,전선,정보통신공학과,,IAB6025001,신호와시스템,3,심현민,금 2  3  4 (SH104)
1,전선,정보통신공학과,,IA02004001,인터넷과정보기술,2,오승호,수 6  7 (SH304)
1,전선,정보통신공학과,,IA02004002,인터넷과정보기술,2,오승호,수 8  9 (SH304)
3,전필,정보통신공학과,,IAB6021001,컴퓨터네트워크,3,오승호,수 1  2 (SH304) 목 3  4 (SH304)
3,전필,정보통신공학과,,IAB6021002,컴퓨터네트워크,3,오승호,수 3  4 (SH304) 목 1  2 (SH304)
3,전선,정보통신공학과,,IAB6068001,인터넷설계실습,2,우요섭,화 6  7  8  9 (SH101)
3,전선,정보통신공학과,,IAB6068002,인터넷설계실습,2,우요섭,목 6  7  8  9 (SH101)
4,전선,정보통신공학과,,IAB6086001,분산네트워크시스템,3,우요섭,월 6  7 (SH205) 목 5 (SH205)
2,전선,정보통신공학과,,IAB6062002,정보논리실험,2,이종길,화 1  2  3  4 (SH105)
3,전선,정보통신공학과,,IAB6024001,마이크로파공학,3,이종길,월 2  3 (SH417) 수 6 (SH211)
1,전기,정보통신공학과,,IA02002003,프로그래밍실험(2),2,이헌택,수 1  2  3  4 (SH111)
2,전선,정보통신공학과,,2032001,확률이론,2,최규남,수 1  2  3 (SH104)
2,전선,정보통신공학과,,2032002,확률이론,2,최규남,금 1  2  3 (SH417)
2,전선,정보통신공학과,,IAB6010001,기초정보공학실험(2),2,최승국,목 1  2  3  4 (SH102)
3,전선,정보통신공학과,,IAB6023001,통신공학(2),3,최승국,화 2  3 (SH104) 금 1 (SH104)
2,전필,정보통신공학과,,IAB6060001,데이터베이스,3,허혜선,월 7  8  9 (SH104)
2,전필,정보통신공학과,,IAB6060002,데이터베이스,3,허혜선,목 7  8  9 (SH304)
1,전기,정보통신공학과,,IA02002004,프로그래밍실험(2),2,황운택,월 1  2  3  4 (SH111)
3,전선,정치외교학과,,CFC6036001,정치발전론,3,김범석,수 2  3  4 (SN102)
3,전선,정치외교학과,,CFC6094001,탈근대정치이론,3,오창룡,화 2  3  4 (SN102)
4,전선,정치외교학과,,CFC6044001,정치철학,3,오창룡,화 6  7  8 (SN102)
2,전선,정치외교학과,,CFC6004001,국제기구론,3,은용수,목 2  3 (SN104) 금 1 (SN104)
3,전선,정치외교학과,,CFC6093001,외교정책론,3,은용수,수 7  8 (SN102) 목 1 (SN102)
4,전선,정치외교학과,,CFC6086001,외교와협상,3,은용수,월 1 (SN102) 금 5  6 (SN102)
2,전필,정치외교학과,,CFC6050001,한국정치론,3,이재석,월 5 (SN207) 목 7  8 (SN207)
3,전필,정치외교학과,,CFC6107001,한국의외교,3,이재석,화 7  8 (SN207) 목 6 (SN207)
4,전선,정치외교학과,,CFC6040001,정치사회학,3,이재석,월 7  8 (SN102) 수 5 (SN102)
2,전선,정치외교학과,,CFC6084001,서양정치사상(2),3,이재성,월 2  3  4 (SN102)
2,전선,정치외교학과,,CFC6092001,미국정치론,3,이준한,화 1 (SN102) 금 2  3 (SN102)
4,전선,정치외교학과,,CFC6103001,의회정치론,3,이준한,수 2  3 (SN207) 금 4 (SN207)
1,전기,정치외교학과,,CF07005001,국제정치의이해,3,이호철,월 7  8 (SN207) 수 1 (SN207)
2,전필,정치외교학과,,CFC6045001,정치학연구방법론,3,이호철,화 2 (SN209) 수 6  7 (SN209)
3,전선,정치외교학과,,CFC6095001,국제정치경제론,3,한영빈,목 2  3  4 (SN102)
4,전선,정치외교학과,,CFC6106001,현대유럽정치의이해,3,한영빈,목 6  7  8 (SN102)
2,전필,조형예술학부,한국화전공,HAA6026001,채색기법(2),2,고찬규,월 1  2  3 (SQ205)
4,전선,조형예술학부,한국화전공,HAA6044001,한국화창작실기(3),2,고찬규,수 1  2  3 (SQ201)
2,전선,조형예술학부,,1128001,사진 2,2,구상모,화 7  8  9 (SQ313)
1,전선,조형예술학부,,HA06009001,교양미학,3,김경희,화 4  5  6 (SQ301)
3,전선,조형예술학부,,2202001,미술비평,2,김대신,금 1  2  3 (SQ301)
4,전선,조형예술학부,서양화전공,HAB6046001,현대미술세미나(2),2,김대신,금 5  6  7 (SQ108)
1,전선,조형예술학부,,HC06172001,한국미술사,3,김상엽,화 7  8  9 (SQ301)
1,전기,조형예술학부,,HA06008001,기초서양화,2,김형곤,월 7  8  9 (SQ310)
2,전선,조형예술학부,한국화전공,HAA6037001,재료기법연구(2),2,김희진,화 1  2  3 (SQ205)
3,전선,조형예술학부,,2199001,판화(2),2,박상숙,수 1  2  3 (SQ301)
2,전선,조형예술학부,한국화전공,HC06126001,서예(2),2,박영현,수 4  5  6 (SQ310)
2,전선,조형예술학부,,2195001,색채학,2,박진영,금 4  5  6 (SQ301)
3,전선,조형예술학부,,448001,미술교과교육론,3,박태홍,수 7  8  9 (SQ301)
3,전필,조형예술학부,한국화전공,HAA6030001,채색화실기(2),2,서정태,월 1  2  3 (SQ202)
4,전선,조형예술학부,한국화전공,HAA6046001,작품제작연구,2,서정태,월 5  6  7 (SQ201)
3,전필,조형예술학부,한국화전공,HAA6031001,수묵화실기(2),2,손승범,목 1  2  3 (SQ202)
3,전선,조형예술학부,한국화전공,HAA6040001,표현기법(2),2,신학,수 4  5  6 (SQ202)
2,전필,조형예술학부,서양화전공,HAB6026001,유화(2),2,안성규,목 6  7  8 (SQ106)
3,전필,조형예술학부,서양화전공,HAB6031001,드로잉(4),2,안성규,목 1  2  3 (SQ107)
2,전선,조형예술학부,,HA06017001,서양미술사,3,옥경래,월 7  8  9 (SQ301)
4,전선,조형예술학부,한국화전공,HAA6045001,한국화창작실기(4),2,우종택,화 1  2  3 (SQ201)
1,전선,조형예술학부,,HA06011001,미술감상론,2,윤상훈,월 4  5  6 (SQ313)
2,전필,조형예술학부,서양화전공,HAB6027001,드로잉(2),2,이계원,금 1  2  3 (SQ106)
3,전필,조형예술학부,서양화전공,HAB6030001,회화(2),2,이계원,화 1  2  3 (SQ107)
4,전선,조형예술학부,서양화전공,HAB6044001,회화(4),2,이계원,수 1  2  3 (SQ108)
3,전선,조형예술학부,서양화전공,HAB6041001,미디어아트(2),2,이상기,목 7  8  9 (SQ215)
3,전선,조형예술학부,,2201001,인체해부학,2,이영주,월 4  5  6 (SQ301)
3,전선,조형예술학부,서양화전공,HAB6040001,혼합매체(2),2,이진,금 4  5  6 (SQ107)
2,전선,조형예술학부,서양화전공,HAB6036001,소재와기법(2),2,이희영,수 5  6  7 (SQ106)
3,전선,조형예술학부,한국화전공,HAA6041001,산수화(2),2,임태규,화 1  2  3 (SQ202)
2,전필,조형예술학부,한국화전공,HAA6027001,수묵화기법(2),2,정경화,목 6  7  8 (SQ205)
1,전선,조형예술학부,,1170001,입체조형,2,정국택,금 1  2  3 (SQ310)
2,전선,조형예술학부,한국화전공,HAA6036001,선묘연구(2),2,정수영,금 7  8  9 (SQ205)
2,전선,조형예술학부,서양화전공,HAB6037001,영상기법(2),2,조문희,수 1  2  3 (SQ217)
1,전기,조형예술학부,,HA06006002,기초동양화,2,조진희,금 4  5  6 (SQ310)
1,전기,조형예술학부,,HA06008002,기초서양화,2,차기율,목 1  2  3 (SQ109)
4,전선,조형예술학부,서양화전공,HAB6045001,복합매체(2),2,차기율,화 1  2  3 (SQ108)
1,전기,조형예술학부,,HA06006001,기초동양화,2,최익진,수 7  8  9 (SQ310)
3,전선,중어중국학과,,374001,중국어교과교육론,3,강은지,수 1  2  3 (SP113)
3,전선,중어중국학과,,AID6419001,현대중국정치,3,구자선,화 7  8  9 (SP116)
2,전필,중어중국학과,,AID6005001,중국고전의이해,3,박성규,월 7  8  9 (SP322)
4,전선,중어중국학과,,2308001,중국시사자료특강,3,박승준,월 7  8 (SP402) 수 2 (SP402)
4,전선,중어중국학과,,AID6432001,동아시아론,3,박승준,월 9 (SP402) 수 5  6 (SP402)
3,전필,중어중국학과,,AID6204001,역사속의 현대중국,3,손승희,금 6  7  8 (SP322)
3,전선,중어중국학과,,AID6427001,화교사회론,3,송승석,금 2  3  4 (SP116)
1,전선,중어중국학과,,AID6434002,기초중국어2,3,신용권,화 3  4 (SP402) 수 3  4 (SP402) 목 3  4 (SP402)
2,전필,중어중국학과,,AID6406001,집중중국어실습(2),2,신용권,목 7  8 (SP402) 금 2  3 (SP402)
2,전선,중어중국학과,,AID6407001,중국어듣기와말하기(2),2,이승매,화 6  7 (SP402) 목 1  2 (SP317)
3,전필,중어중국학과,,AID6414001,집중중국어실습(3),2,이승매,월 4  5 (SP402) 수 7  8 (SP323)
3,전선,중어중국학과,,TAA7032001,실용중국어,3,이승매,화 3 (SP116) 목 5  6 (SP116)
4,전선,중어중국학과,,373001,중국어논리및논술에관한교육,2,이승매,화 1  2 (SP402)
1,전기,중어중국학과,,4152001,중국문화의이해,3,장정아,화 2 (SP322) 수 5  6 (SP322)
2,전선,중어중국학과,,AID6412001,중국학명저선독(1),3,장정아,수 2  3 (SP317) 목 3 (SP322)
3,전필,중어중국학과,,AID6205001,중국학명저선독(2),3,장정아,화 4  5 (SP116) 목 4 (SP322)
2,전선,중어중국학과,,4153001,중국현대문학의이해,3,조혜영,월 6 (SP402) 금 5  6 (SP402)
1,전선,중어중국학과,,AID6434001,기초중국어2,3,최윤경,월 2  3 (SP402) 수 7  8 (SP402) 금 6  7 (SP317)
2,전선,중어중국학과,,AID6431001,한문강독,3,최형섭,월 2  3  4 (SP301)
2,전선,창의인재개발학과,,1728001,기업교육프로그램개발론,3,김복영,월 5  6 (SN204) 목 5 (SN204)
4,전선,창의인재개발학과,,1752001,글로벌HRD동향과이슈,3,김재현,금 5  6  7 (SN204)
2,전필,창의인재개발학과,,1713001,HRD의이론과실제,3,박용호,수 1 (SN107) 목 1  2 (SN107)
3,전선,창의인재개발학과,,1738001,전략적HRD세미나,3,박용호,월 1  2 (SN204) 화 3 (SN106)
4,전선,창의인재개발학과,,1724001,인간수행공학론,3,박용호,화 1  2 (SN106) 목 3 (SN106)
3,전선,창의인재개발학과,,3411001,교육자료의통계적분석Ⅱ,3,양태연,목 5  6  7 (SN209)
3,전필,창의인재개발학과,,1715001,최신교수설계원리와적용,3,이수원,금 7  8  9 (SN106)
1,전선,창의인재개발학과,,1203001,테크놀로지와 HRD,3,이영태,월 3  4  5 (SN106)
3,전선,창의인재개발학과,,1739001,교육과리더십,3,이윤식,월 4 (SN204) 금 3  4 (SN204)
1,전선,창의인재개발학과,,1204001,인간발달이론,3,이지연,화 1 (SN204) 목 1  2 (SN204)
2,전선,창의인재개발학과,,1725001,성격심리학,3,이지연,화 2  3 (SN107) 목 3 (SN107)
1,전선,창의인재개발학과,,1202001,교수설계론,3,임정훈,월 8 (SN204) 화 2  3 (SN204)
1,전필,창의인재개발학과,,1201001,창의성의이해,3,한기순,화 7 (SN107) 수 2  3 (SN107)
2,전선,창의인재개발학과,,1726001,창의적문제해결및발견,3,한기순,수 4 (SN204) 목 6  7 (SN204)
1,전선,체육교육과,,3154001,한국무용,1,공미연,목 4  5 (SU106)
1,전선,체육교육과,,3152001,운동역학,3,김규완,수 1  2  3 (SQ301-1)
3,전선,체육교육과,,3697001,음악줄넘기,1,김옥,수 8  9 (SU106)
3,전선,체육교육과,,3700001,스포츠철학,3,남궁영호,목 6  7  8 (SQ301)
1,전선,체육교육과,,3157001,체조교수법2,1,류영,금 9 (SV206) 야간2 (SV101)
1,전필,체육교육과,,3150001,체육교사론,3,박정준,월 2  3 (SQ301-1) 금 8 (SQ301-1)
3,전필,체육교육과,,3695001,체육교과교재연구및지도법,3,박정준,화 4 (NC308) 금 6  7 (NC308)
2,전선,체육교육과,,3566001,운동학습및심리,3,성창훈,월 3  4  5 (SQ319)
1,전선,체육교육과,,3155001,육상교수법2,1,송홍락,월 5  6 (ZC101)
1,전필,체육교육과,,3151001,운동생리학,3,신원태,수 6  7  8 (SQ301-1)
2,전선,체육교육과,,3567001,하계야외활동,1,신원태,금 3  4 (SV101)
3,전선,체육교육과,,3696001,학교보건및건강,3,신원태,수 1  2  3 (NC210)
3,전선,체육교육과,,HF06009001,해양스포츠,1,신원태,금 1  2 (SV101)
3,전선,체육교육과,,3699001,특수체육,3,윤석민,화 1  2  3 (SQ301)
2,전선,체육교육과,,3562001,운동상해및응급처치,3,이중원,수 4  5  6 (SQ301)
2,전선,체육교육과,,3564001,현대무용,1,정숙경,목 6  7 (SU106)
2,전필,체육교육과,,3560001,축구교수법,1,정영만,수 8  9 (ZC101)
2,전선,체육교육과,,3563001,뉴스포츠2,1,제성준,금 8  9 (SV101)
1,전선,체육교육과,,3156001,수영교수법2,1,조남용,목 6  7 (SU110)
2,전필,체육교육과,,3561001,체육교육론,3,조남용,목 1  2  3 (NC210)
2,전선,체육교육과,,3565001,웨이트트레이닝,1,천은구,목 8  9 (SU208)
3,전선,체육교육과,,3701001,스포츠경영학,3,홍진배,목 1  2  3 (SQ313)
3,전선,체육학부,,HD06036001,배드민턴2,1,구제언,목 1  2 (SV101)
3,전선,체육학부,,2775001,민속스포츠,1,길준영,화 1  2 (SV101)
2,전필,체육학부,,HBA6019002,운동역학,3,김규완,월 1  2  3 (SQ311)
2,전필,체육학부,,HBA6019003,운동역학,3,김규완,화 1  2  3 (SQ312)
3,전선,체육학부,,HFA6026001,럭비,1,김동원,목 1  2 (ZC101)
4,전선,체육학부,,2783001,테니스2,1,김동원,월 2  3 (ZB101)
4,전선,체육학부,,2783002,테니스2,1,김동원,금 1  2 (ZB101)
1,전선,체육학부,,2755001,골프1,1,김명배,화 5  6 (SU211)
1,전선,체육학부,,2755002,골프1,1,김명배,목 4  5 (SU211)
1,전선,체육학부,,2755003,골프1,1,김명배,수 4  5 (SU211)
4,전선,체육학부,,2779001,골프2,1,김명배,화 7  8 (SU211)
3,전필,체육학부,,HFB6011001,스포츠사회학,3,김민철,목 4  5  6 (SQ302)
3,전필,체육학부,,HFB6011002,스포츠사회학,3,김민철,금 2  3  4 (SQ301-1)
,전선,체육학부,,HBA6070001,전공실습및지도(골프운동),3,김지섭,월 8  9 (SU211) 수 8  9 (SU211) 금 8  9 (SU211)
2,전선,체육학부,,HFB6047001,탁구,1,김학룡,화 3  4 (SV101)
2,전선,체육학부,,HFB6047002,탁구,1,김학룡,수 3  4 (SV101)
3,전선,체육학부,,2183001,스포츠코칭론,3,김학룡,화 6  7  8 (SQ311)
4,전선,체육학부,,2778001,볼링2,1,김학룡,금 0  1 (ZZ102)
,전선,체육학부,,2758005,전공실습및지도(보디빌딩),3,남혜주,월 8  9 (SQ402) 수 6  7 (SQ402) 금 8  9 (SQ402)
,전선,체육학부,,HFA6069001,전공실습및지도(리듬운동),3,두상기,월 8  9 (SU105) 수 8  9 (SU105) 금 8  9 (SU105)
1,전선,체육학부,,1373001,웨이트트레이닝,1,문대성,수 2  3 (SU208)
1,전선,체육학부,,1373002,웨이트트레이닝,1,문대성,화 8  9 (SU208)
1,전선,체육학부,,1373003,웨이트트레이닝,1,문대성,화 5  6 (SU208)
3,전선,체육학부,,2772001,현장실습1,1,박규태,월 0 (SQ103) 화 0 (SQ103)
4,전선,체육학부,,2780001,현장실습2,1,박규태,수 0 (SQ103) 목 0 (SQ103)
,전선,체육학부,,2759002,전공실습및지도(수영),3,백성익,월 6  7 (SU110-1) 수 6  7 (SU110-1) 금 6  7 (SU110-1)
1,전선,체육학부,,HFC6014003,스키,1,백성익,금 0  1 (SQ301-1)
1,전필,체육학부,,2756001,육상(트랙),1,송홍락,금 2  3 (ZC101)
1,전필,체육학부,,2756002,육상(트랙),1,송홍락,수 2  3 (ZC101)
1,전필,체육학부,,2756003,육상(트랙),1,송홍락,금 4  5 (ZC101)
3,전선,체육학부,,2773001,등산,1,양창수,목 7  8 (SQ319)
1,전필,체육학부,,1370001,스포츠철학,3,오현택,목 1  2  3 (SQ312)
1,전필,체육학부,,1370002,스포츠철학,3,오현택,목 7  8  9 (SQ312)
,전선,체육학부,,2759001,전공실습및지도(수영),3,윤진호,월 6  7 (SU110) 수 6  7 (SU110) 금 6  7 (SU110)
1,전선,체육학부,,HFC6014002,스키,1,윤진호,수 0 (SQ301-1) 목 0 (SQ301-1)
4,전선,체육학부,,HFA6039001,운동기술분석,3,임비오,화 1  2  3 (SQ313)
2,전선,체육학부,,2766001,기계체조1,1,장순철,목 3  4 (SV101)
2,전선,체육학부,,HFA6029001,체육측정평가,3,장채욱,목 3  4  5 (SQ301)
4,전선,체육학부,,2782001,운동기구정보론,3,전경규,목 7  8  9 (SQ311)
,전선,체육학부,,2758002,전공실습및지도(보디빌딩),3,전종목,월 6  7 (SU208) 수 6  7 (SU208) 금 6  7 (SU208)
3,전선,체육학부,,2774001,아쿠아로빅스,1,조경민,월 4 (SU110) 5 (SU110-1)
4,전선,체육학부,,459001,체육논리및논술에관한교육,2,조현우,목 8  9 (SQ320)
,전선,체육학부,,2758001,전공실습및지도(보디빌딩),3,천은구,월 8  9 (SU208) 수 8  9 (SU208) 금 8  9 (SU208)
3,전선,체육학부,,HFA6110001,생활체육론,3,한승백,수 1  2  3 (SQ312)
1,전선,체육학부,,2762001,레크리에이션론,3,함경수,월 3  4  5 (SQ312)
1,전선,체육학부,,2762002,레크리에이션론,3,함경수,금 1  2  3 (SQ311)
1,전선,체육학부,,HFC6014001,스키,1,함경수,월 0 (SQ301-1) 화 0 (SQ301-1)
2,전필,체육학부,,2094001,스포츠경영학원론,3,홍진배,수 3  4  5 (SQ311)
2,전필,체육학부,,2094002,스포츠경영학원론,3,홍진배,금 3  4  5 (SQ312)
4,전선,체육학부,,2777001,스포츠시설.프로그램관리론,3,홍진배,월 6  7  8 (SQ311)
2,전선,체육학부,,HFB6042001,특수체육론,3,,월 1  2  3 (SQ320)
1,전기,컴퓨터공학부,,1763001,창의공학설계,2,김우일,화 5  6  7 (SH511)
1,전기,컴퓨터공학부,,1763002,창의공학설계,2,김우일,목 6  7  8 (SH511)
3,전필,컴퓨터공학부,,862001,프로젝트실무(1),2,김우일,월 6  7  8 (SH408)
3,전필,컴퓨터공학부,,862004,프로젝트실무(1),2,김정규,화 1  2  3 (SH408)
4,전선,컴퓨터공학부,,IAA6036001,컴퓨터비젼,3,김정규,월 2  3 (SH505) 수 3 (SH505)
3,전선,컴퓨터공학부,,IAA6020001,수치해석,3,김지범,월 2  3 (SH407) 수 3 (SH407)
4,전선,컴퓨터공학부,,IAA6033001,컴퓨터그래픽스,3,김지범,수 5  6 (SH408) 목 5 (SH408)
1,전선,컴퓨터공학부,,3427001,정보기술과응용,3,김진수,목 1  2  3 (SH505)
3,전필,컴퓨터공학부,,862006,프로젝트실무(1),2,민병준,화 1  2  3 (SH501)
4,전선,컴퓨터공학부,,2279001,컴퓨터네트워크보안,3,민병준,화 5  6 (SH505) 목 6 (SH505)
3,전선,컴퓨터공학부,,YAA9814001,정보컴퓨터교과교육론,3,박덕만,수 6  7  8 (SH407)
2,전선,컴퓨터공학부,,3429001,시스템프로그래밍,3,박문주,월 6  7 (SH407) 금 5 (SH407)
3,전필,컴퓨터공학부,,862002,프로젝트실무(1),2,박종승,월 6  7  8 (SH501)
3,전선,컴퓨터공학부,,1775001,게임제작,3,박종승,목 5 (SH511) 금 2  3 (SH511)
1,전선,컴퓨터공학부,,1782001,미적분학응용,3,백인자,화 2 (SH407) 목 2  3 (SH407)
1,전선,컴퓨터공학부,,1782002,미적분학응용,3,백인자,화 3 (SH407) 금 2  3 (SH407)
2,전선,컴퓨터공학부,,IAA6054001,UNIX/LINUX프로그래밍,3,성미영,화 5  6 (SH415) 수 5 (SH415)
2,전선,컴퓨터공학부,,IAA6054002,UNIX/LINUX프로그래밍,3,성미영,수 2 (SH415) 목 2  3 (SH415)
3,전필,컴퓨터공학부,,862005,프로젝트실무(1),2,성미영,월 6  7  8 (SH511)
2,전필,컴퓨터공학부,,IAA6007001,컴퓨터구조,3,송월봉,화 1  2  3 (SH504)
2,전필,컴퓨터공학부,,IAA6007002,컴퓨터구조,3,송월봉,목 6  7  8 (SH504)
1,전기,컴퓨터공학부,,1760001,C언어기초,3,신봉희,화 5  6  7  8 (SH501)
1,전기,컴퓨터공학부,,1760002,C언어기초,3,신봉희,목 5  6  7  8 (SH501)
1,전기,컴퓨터공학부,,1760003,C언어기초,3,이귀봉,화 5  6  7  8 (SH408)
3,전선,컴퓨터공학부,,1772001,알고리즘,3,이르판칸,금 2  3  4 (SH504)
3,전선,컴퓨터공학부,,1772002,알고리즘,3,이르판칸,금 6  7  8 (SH504)
2,전선,컴퓨터공학부,,1767001,윈도우즈프로그래밍,3,이면섭,화 1  2  3 (SH511)
2,전선,컴퓨터공학부,,1767002,윈도우즈프로그래밍,3,이면섭,월 2  3  4 (SH511)
4,전선,컴퓨터공학부,,1778001,e-CRM,3,이병수,월 5  6 (SH505) 화 3 (SH505)
2,전선,컴퓨터공학부,,1765001,C++언어,3,이선아,금 1  2  3 (SH501)
2,전선,컴퓨터공학부,,IAA6068001,확률및통계,3,이종선,수 6  7  8 (SH505)
1,전선,컴퓨터공학부,,3427002,정보기술과응용,3,장근,금 6  7  8 (SH505)
3,전선,컴퓨터공학부,,4199001,서버관리,2,정영규,목 6  7  8 (SH415)
3,전선,컴퓨터공학부,,IAA6023001,소프트웨어공학,3,최성욱,화 6  7  8 (SH504)
3,전선,컴퓨터공학부,,IAA6021001,컴퓨터네트워크,3,최승식,월 2  3 (SH504) 수 5 (SH504)
3,전선,컴퓨터공학부,,IAA6021002,컴퓨터네트워크,3,최승식,화 5 (SH407) 수 1  2 (SH407)
1,전기,컴퓨터공학부,,1763003,창의공학설계,2,최정민,목 6  7  8 (SH408)
3,전필,컴퓨터공학부,,862003,프로젝트실무(1),2,최진탁,화 1  2  3 (SH415)
3,전선,컴퓨터공학부,,IAA6056001,데이터베이스프로젝트,3,최진탁,월 5 (SH511) 목 2  3 (SH511)
4,전선,컴퓨터공학부,,1780001,모바일소프트웨어,3,허혜선,목 1  2  3 (SH408)
2,전선,컴퓨터공학부,,1765002,C++언어,3,황태준,금 6  7  8 (SH501)
2,전필,컴퓨터공학부(야),,IAA6007003,컴퓨터구조,3,김우일,화 야간3  야간4  야간5 (SH407)
4,전선,컴퓨터공학부(야),,IAA6036002,컴퓨터비젼,3,김정규,화 야간2  야간3  야간4 (SH505)
4,전선,컴퓨터공학부(야),,1423001,컴퓨터그래픽스,3,김지범,월 야간1  야간2 (SH408) 화 야간1 (SH408)
4,전선,컴퓨터공학부(야),,2279002,컴퓨터네트워크보안,3,민병준,수 야간1  야간2  야간3 (SH505)
2,전선,컴퓨터공학부(야),,3429002,시스템프로그래밍,3,박문주,화 야간1  야간2 (SH407) 목 야간1 (SH407)
3,전선,컴퓨터공학부(야),,1775002,게임제작,3,박종승,월 야간3  야간4 (SH511) 화 야간1 (SH511)
2,전선,컴퓨터공학부(야),,IAA6054003,UNIX/LINUX프로그래밍,3,성미영,월 야간1  야간2  야간3 (SH415)
1,전기,컴퓨터공학부(야),,1760004,C언어기초,3,이귀봉,화 야간2  야간3  야간4  야간5 (SH408)
3,전선,컴퓨터공학부(야),,1772003,알고리즘,3,이르판칸,금 야간1  야간2  야간3 (SH504)
2,전선,컴퓨터공학부(야),,1767003,윈도우즈프로그래밍,3,이면섭,목 야간2  야간3  야간4 (SH511)
4,전선,컴퓨터공학부(야),,1778002,e-CRM,3,이병수,목 야간1  야간2  야간3 (SH505)
3,전필,컴퓨터공학부(야),,862008,프로젝트실무(1),2,이상락,목 야간2  야간3  야간4 (SH501)
2,전선,컴퓨터공학부(야),,IAA6068002,확률및통계,3,이종선,수 야간3  야간4  야간5 (SH407)
1,전선,컴퓨터공학부(야),,3427003,정보기술과응용,3,장근,금 야간1  야간2  야간3 (SH505)
1,전선,컴퓨터공학부(야),,1782003,미적분학응용,3,조영덕,월 야간1  야간2  야간3 (SH504)
3,전선,컴퓨터공학부(야),,IAA6023002,소프트웨어공학,3,최성욱,화 야간2  야간3  야간4 (SH504)
3,전필,컴퓨터공학부(야),,862007,프로젝트실무(1),2,최승식,목 야간2  야간3  야간4 (SH415)
3,전선,컴퓨터공학부(야),,IAA6021003,컴퓨터네트워크,3,최승식,수 야간1  야간2  야간3 (SH504)
1,전기,컴퓨터공학부(야),,1763004,창의공학설계,2,최정민,목 야간3  야간4  야간5 (SH408)
3,전선,컴퓨터공학부(야),,IAA6056002,데이터베이스프로젝트,3,최진탁,월 야간1  야간2 (SH511) 목 야간1 (SH511)
4,전선,컴퓨터공학부(야),,1780002,모바일소프트웨어,3,허혜선,월 야간3  야간4  야간5 (SH408)
2,전선,컴퓨터공학부(야),,1765003,C++언어,3,황태준,금 야간1  야간2  야간3 (SH501)
1,전선,패션산업학과,,BL06004001,색채와디자인,3,김찬주,월 4  5 (SF321) 수 5  6 (SF321)
1,전선,패션산업학과,,BL06004002,색채와디자인,3,김찬주,수 7  8 (SF321) 목 8  9 (SF321)
3,전선,패션산업학과,,BLB6041001,패션과문화,3,김찬주,화 4  5 (SF421) 목 5 (SF420)
4,전선,패션산업학과,,BLB6052001,패션소자본창업,3,노미경,목 5  6  7 (SF421)
2,전선,패션산업학과,,BLB6011001,패션일러스트레이션,3,박은경,수 2  3 (SF321) 목 6  7 (SF321)
3,전선,패션산업학과,,BLB6049001,패션디자인2,3,박은경,월 4  5 (SF329) 수 6  7 (SF329)
1,전필,패션산업학과,,BLB6068001,섬유소재성능,3,안춘순,월 1  2 (SF420) 화 5 (SF420)
1,전필,패션산업학과,,BLB6068002,섬유소재성능,3,안춘순,화 3  4 (SF420) 수 4 (SF420)
2,전선,패션산업학과,,BLB6010001,섬유제품시험,3,안춘순,월 4  5 (SF323) 금 4  5 (SF323)
3,전선,패션산업학과,,BLB6021001,가공과신소재,3,안춘순,화 1 (SF421) 수 1  2 (SF420)
2,전필,패션산업학과,,BLB6039001,패션마케팅,3,유혜경,화 1  2 (SF420) 목 4 (SF420)
3,전선,패션산업학과,,BLB6065001,패션시장조사,3,유혜경,수 5 (SF420) 목 1  2 (SF420)
4,전선,패션산업학과,,781001,현장교육실습(Ⅳ-2),4,유혜경,월 1  2  3  4  5  6  7  8  9 (ZZ102) 화 1  2  3  4  5  6  7  8  9 (ZZ102) 수 1  2  3  4  5  6  7  8  9 (ZZ102) 목 1  2  3  4  5  6  7  8  9 (ZZ102) 금 1  2  3  4  5  6  7  8  9 (ZZ102)
4,전선,패션산업학과,,783001,현장교육실습(Ⅴ-2),9,유혜경,월 1  2  3  4  5  6  7  8  9 (ZZ102) 화 1  2  3  4  5  6  7  8  9 (ZZ102) 수 1  2  3  4  5  6  7  8  9 (ZZ102) 목 1  2  3  4  5  6  7  8  9 (ZZ102) 금 1  2  3  4  5  6  7  8  9 (ZZ102)
1,전필,패션산업학과,,BLB6002001,인체와의복구성,3,임순,화 0  1 (SF329) 수 2  3 (SF329)
1,전필,패션산업학과,,BLB6002002,인체와의복구성,3,임순,수 0  1 (SF329) 금 5  6 (SF329)
1,전필,패션산업학과,,BLB6002003,인체와의복구성,3,임순,목 5  6 (SF329) 금 0  1 (SF329)
3,전선,패션산업학과,,1399001,테일러링,3,임순,화 2  3 (SF329) 목 3  4 (SF328)
2,전필,패션산업학과,,BLB6014001,기초한복구성,3,장인우,월 6  7 (SF329) 목 0  1 (SF329)
2,전필,패션산업학과,,BLB6014002,기초한복구성,3,장인우,화 4  5 (SF329) 목 2  3 (SF329)
2,전필,패션산업학과,,BLB6014003,기초한복구성,3,장인우,월 8  9 (SF329) 금 2  3 (SF329)
3,전필,패션산업학과,,BLB6013001,동양복식연구,3,조희진,화 6  7  8 (SF420)
2,전선,패션산업학과,,BLB6015001,입체재단,3,최창숙,화 6  7  8  9 (SF329)
1,전기,해양학과,,1190001,일반생물학(2),2,김승규,월 1  2 (SF527)
1,전기,해양학과,,1193001,일반생물학실험(2),1,김승규,월 6  7 (SF205)
1,전기,해양학과,,1193002,일반생물학실험(2),1,김승규,수 7  8 (SF205)
1,전필,해양학과,,TEA1313001,해양학개론,3,김승규,화 1  2 (SF527) 수 1 (SF527)
2,전선,해양학과,,3813001,수질분석및실험,3,김승규,목 1  2 (SF527) 7  8 (SF205)
1,전선,해양학과,,3982001,환경수생태학입문,3,김연정,월 8  9 (SF527) 금 1 (SF527)
2,전선,해양학과,,3814001,해양생화학및실험,3,김연정,수 5  6 (SF205) 금 5  6 (SF527)
2,전선,해양학과,,3812001,적조및유해생물학,3,박지숙,화 7  8  9 (SF527)
2,전선,해양학과,,3815001,극지생물학,3,제종길,월 5  6  7 (SF527)
2,전필,해양학과,,4214001,생물해양학 및 실험,3,한태준,목 5  6 (SF205) 금 2  3 (SF527)
2,전필,행정학과,,CFB6009001,조사방법론,3,고명철,수 6  7  8 (SN207)
1,전기,행정학과,,2792001,현대사회와행정,3,김동원,월 4  5 (SN208) 수 3 (SN208)
3,전선,행정학과,,CFB6071001,정부규제론,3,김동원,화 7 (SN204) 수 5  6 (SN101)
2,전필,행정학과,,CFB6008001,재무행정론,3,김재영,수 9 (SN208) 금 1  2 (SN208)
1,전선,행정학과,,CAB6048001,경제학의이해,3,김태진,화 2  3  4 (SN101)
4,전선,행정학과,,CFB6056001,문화행정론,3,박광욱,수 7  8  9 (SN101)
3,전선,행정학과,,CFB6058001,행정학특강(1),3,백형배,월 7  8  9 (SN208)
2,전선,행정학과,,CFB6011001,행정관리론,3,유동상,화 7  8  9 (SN101)
2,전선,행정학과,,CFB6066001,시민사회론,3,이미정,월 7  8  9 (SN101)
3,전선,행정학과,,CFB6027001,도시행정론,3,이종열,목 3 (SN101) 금 1  2 (SN101)
4,전선,행정학과,,CFB6067001,정책분석평가론,3,이종열,목 1  2 (SN101) 금 3 (SN101)
2,전선,행정학과,,CFB6070001,재정학,3,인태환,목 7  8  9 (SN101)
2,전선,행정학과,,CFB6060001,리더십론,3,채드,월 3  4 (SN101) 화 5 (SN208)
3,전필,행정학과,,CFB6050001,행정영어,3,채드,화 9 (SN208) 목 8  9 (SN208)
3,전선,행정학과,,CFB6036001,행정철학,3,채드,월 1 (SN208) 화 1  2 (SN208)
4,전선,행정학과,,CFB6018001,국제행정론,3,채드,월 5  6 (SN101) 목 1 (SN208)
4,전선,행정학과,,CFB6040001,환경행정론,3,최미옥,수 2  3  4 (SN101)
3,전선,행정학과,,CFB6015001,지방행정론,3,타오질레슬리,화 5  6 (SN101) 수 4 (SN208)
4,전선,행정학과,,CFB6068001,정부혁신론,3,허진희,목 4  5  6 (SN101)
3,전필,화학과,,BKC6028001,무기화학실험,2,김강우,월 6  7  8  9 (SF508)
3,전필,화학과,,BKC6028002,무기화학실험,2,김강우,금 1  2  3  4 (SF508)
3,전선,화학과,,BKC6015001,무기화학(2),3,김강우,월 1  2 (SF506) 화 6 (SF506)
4,전선,화학과,,389001,화학논리및논술에관한교육,2,김강우,수 6  7 (SF407)
1,전기,화학과,,1192002,일반화학실험(2),1,김규원,화 6  7 (SF504)
2,전선,화학과,,BKC6008001,분석화학(2),3,김규원,화 4 (SF507) 목 6  7 (SF507)
3,전선,화학과,,BKC6019001,기기분석,3,김규원,월 4  5 (SF506) 금 6 (SF506)
1,전기,화학과,,XAA1176001,일반생물학(2),2,김길원,수 8  9 (SF406)
2,전필,화학과,,BKC6005001,유기화학(2),3,김태현,월 1  2 (SF335) 수 3 (SF335)
2,전필,화학과,,BKC6007001,유기화학실험,2,김태현,화 6  7  8  9 (SF508)
2,전필,화학과,,BKC6007002,유기화학실험,2,김태현,금 6  7  8  9 (SF508)
3,전선,화학과,,BKC6018001,유기화학특강,3,김태현,화 5 (SF407) 수 5  6 (SF507)
1,전기,화학과,,1189003,일반화학(2),2,이병형,화 5  6 (SF507)
1,전기,화학과,,1189004,일반화학(2),2,이병형,화 7  8 (SF507)
3,전선,화학과,,387001,화학교과교육론,3,임희준,금 7  8  9 (SF506)
1,전기,화학과,,1192004,일반화학실험(2),1,정병서,목 8  9 (SF504)
1,전기,화학과,,1192005,일반화학실험(2),1,정병서,금 8  9 (SF504)
2,전필,화학과,,BKC6006001,물리화학(2),3,정병서,화 2  3 (SF335) 목 2 (SF335)
2,전선,화학과,,3745001,화학전산,3,정병서,수 6  7 (SF506) 금 3 (SF506)
3,전선,화학과,,BKC6022001,광화학,3,조한국,화 1  2 (SF507) 목 2 (SF507)
4,전선,화학과,,BKC6031001,분자구조해석,3,조한국,수 2 (SF407) 금 1  2 (SF407)
1,전기,화학과,,1189002,일반화학(2),2,최은미,수 2  3 (SF507)
1,전기,화학과,,1192003,일반화학실험(2),1,최은미,화 8  9 (SF504)
3,전선,화학과,,BKC6020001,생화학(2),3,최은미,화 3 (SF506) 목 6  7 (SF506)
1,전기,화학과,,1189001,일반화학(2),2,홍종달,월 1  2 (SF507)
1,전기,화학과,,1192001,일반화학실험(2),1,홍종달,화 4  5 (SF504)
3,전선,화학과,,BKC6021001,고분자화학,3,홍종달,화 7 (SF506) 수 1  2 (SF506)
